title,source,publishedAt,category
“Most Trolled Person In The Entire World”: Meghan Markle’s Comments About Online Bullying Spark Backlash,Boredpanda.com,2026-04-16T15:29:52Z,business
"Top Business & Market Headlines Today — BL Morning Report, April 17, 2026",BusinessLine,2026-04-16T15:26:46Z,business
"Trump administration looks to Ford, GM in WWII-style weapons push: report",New York Post,2026-04-16T15:26:30Z,business
Precore Gold Completes Data Compilation and Readies for AI Driven Drill Target Identification at Their Lac Big-Rush Gold Property in Quebec,Financial Post,2026-04-16T15:26:02Z,business
"Memo: Condé Nast is shuttering Self magazine, folding its content into other brands, and winding down Glamour's publishing arms in Mexico, Spain, and Germany (Corbin Bolies/The Wrap)",Mediagazer.com,2026-04-16T15:25:02Z,business
Brian Williams To Host Podcast Series For Netflix,Deadline,2026-04-16T15:24:35Z,business
Read the memo from Disney's brand chief about why the marketing team got hit hard by layoffs,Business Insider,2026-04-16T15:23:49Z,business
New FBI warning reveals phishing attacks hitting private chats,Fox News,2026-04-16T15:23:38Z,business
Harmeet Dhillon: Semiautomatic Rifles Like the AR-15 'Are Protected by the Constitution',Breitbart News,2026-04-16T15:23:27Z,business
Saint Leo University Expands Online Graduate Programs for Florida Working Professionals,GlobeNewswire,2026-04-16T15:22:00Z,business
Precore Gold Completes Data Compilation and Readies for AI Driven Drill Target Identification at Their Lac Big-Rush Gold Property in Quebec,GlobeNewswire,2026-04-16T15:22:00Z,business
"Partners approve Hogan Lovells Cadwalader, a proposed $3.6B global firm",Abajournal.com,2026-04-16T15:22:00Z,business
Former MSNBC Host Brian Williams to Join Netflix With Interview Podcast: ‘The Perfect Home’,Mediaite,2026-04-16T15:20:08Z,business
"Foundation, a Prominent NFT Platform of the 2021 Boom, Shuts Down After Failed Sale",ARTnews,2026-04-16T15:18:46Z,business
Netflix Enlists Brian Williams for New Podcast ‘We’re Back!’,Variety,2026-04-16T15:17:57Z,business
"HSBC Reduces to Hold from Buy on NIKE, Inc. (NKE)",Yahoo Entertainment,2026-04-16T15:17:48Z,business
Spencer Pratt’s LA mayoral bid backed by Joe Rogan: ‘I’m rooting for you’,The-independent.com,2026-04-16T15:15:01Z,business
"Quaint Oak Bancorp, Inc. Declares Quarterly Cash Dividend",GlobeNewswire,2026-04-16T15:15:00Z,business
"Heritage Signs & Displays Strengthens Washington DC Leadership with Arlington, VA Expansion",Associated Press,2026-04-16T15:11:16Z,business
"Temporary Foreign Worker Permits for Truckers More Than Quadruple, Study Finds",Financial Post,2026-04-16T15:10:32Z,business
The U.S. Imports 95% of Its Uranium. One Nasdaq-Listed Newcomer is the Largest Conventional Deposit in the Country,GlobeNewswire,2026-04-16T15:08:00Z,business
"Walmart Deepens Commitment to Massachusetts, Fueling Long-Term Impact and Future Statewide Investments",Associated Press,2026-04-16T15:06:40Z,business
Pragmata PC performance tested: 18 GPUs take us to the Moon,Tom's Hardware UK,2026-04-16T15:06:07Z,business
Rogers Sugar Inc.: Conference Call – 2nd Quarter 2026 Results,Financial Post,2026-04-16T15:05:18Z,business
NPR receives two of its largest ever gifts: $80M for innovation in use of digital tech and $33M to build and buy tools to be shared with US public media orgs (David Folkenflik/NPR),Mediagazer.com,2026-04-16T15:05:00Z,business
Rumble Stock Rockets 18 Percent as Video Platform Launches Exchange Offer for AI Powerhouse Northern Data,Ibtimes.com.au,2026-04-16T15:02:13Z,business
Howe's future at a 'crossroads' as Newcastle's transfer priorities revealed,Sky Sports,2026-04-16T15:02:00Z,business
Schneider Electric unveils next generation agentic manufacturing capabilities powered by Microsoft Azure AI at Hannover Messe 2026,Financial Post,2026-04-16T15:01:24Z,business
Brian Williams Returns: Former Anchor Launching NETFLIX Podcast...,Hollywood Reporter,2026-04-16T15:00:13Z,business
BLUETTI Launches FridgePower on Kickstarter to Address Rising Power Outages in Canada,Financial Post,2026-04-16T15:00:10Z,business
"Gemini Space Station, Inc. (GEMI) Class Action Lawsuit Seeks Recovery for Investors; May 15, 2026, Deadline - Contact Kessler Topaz Meltzer & Check, LLP",GlobeNewswire,2026-04-16T15:00:00Z,business
"Adobe 拷 (Acrobat / Acrobat Reader, InDesign, InCopy, Experience Manager Screens, FrameMaker, Connect, ColdFusion, Bridge, Photoshop, DNG SDK, Illustrator) (Adobe, 2026.04.14)",Ryukoku.ac.jp,2026-04-16T15:00:00Z,business
"(techK / note, 2025.12.22) ゃShell ...",Ryukoku.ac.jp,2026-04-16T15:00:00Z,business
Scott Galloway’s ‘Prof G Markets’ Set for National Tour | Exclusive,TheWrap,2026-04-16T15:00:00Z,business
Miss Succession? Brian Cox's new movie Glenrothan will make you rethink dysfunctional family dynamics all over again — and is a world away from Waystar Royco,TechRadar,2026-04-16T15:00:00Z,business
"Chrome 147 Stable Channel Update for Desktop (Google, 2026.04.15)",Ryukoku.ac.jp,2026-04-16T15:00:00Z,business
Last Words from the Late Vivian Connell,Dianeravitch.net,2026-04-16T15:00:00Z,business
羇腥帥温恰賢援菴х箴茯翠膓 (若 4/16) c若ー攻菴処掘 ...,Ryukoku.ac.jp,2026-04-16T15:00:00Z,business
"2026 綛4 禹礇絅磧彜羂 (Microsoft, 2026.04.14)",Ryukoku.ac.jp,2026-04-16T15:00:00Z,business
"(The War Zone, 4/16)「紂 30mm 罘牙 XM ...",Ryukoku.ac.jp,2026-04-16T15:00:00Z,business
(2026.04.17) (various),Ryukoku.ac.jp,2026-04-16T15:00:00Z,business
GOP firebrand vows to strip Swalwell and Gonzales of lifetime taxpayer-funded benefits,Fox News,2026-04-16T14:58:07Z,business
Vampiro Reflects on His Amazing Career as He Gets Ready to Rock One Last Time,TVInsider,2026-04-16T14:54:34Z,business
Netflix earnings put focus back on basics as merger overhang clears,Financial Post,2026-04-16T14:53:23Z,business
Coventry Ranks #1 in 2025 Life Settlement League Table Report,Financial Post,2026-04-16T14:50:00Z,business
"Jury finds Ticketmaster, Live Nation run monopoly",The Week Magazine,2026-04-16T14:49:39Z,business
IMF Slashes Growth Outlook for Gulf Oil States on Iran War Shock,Financial Post,2026-04-16T14:47:53Z,business
Trump's ceasefire crumbles as nuclear nightmare scenario remains imminent threat,Raw Story,2026-04-16T14:46:41Z,business
French Police Rescue Mother and Child After $400K Crypto Ransom Kidnapping,Decrypt,2026-04-16T14:46:38Z,business
5 ways to improve your AI brand visibility (Using Yoast AI Brand Insights),Yoast.com,2026-04-16T14:45:23Z,business
SmartCentres Declares Distribution for April 2026,Financial Post,2026-04-16T14:40:56Z,business
"Nolte: Mamdani Grocery Store Will Take 3 Years to Build, Cost Absurd $30M",Breitbart News,2026-04-16T14:39:13Z,business
'It's a lot of fun': Blackmagic just turned the Apple Watch into the ultimate remote for iPhone filming,TechRadar,2026-04-16T14:37:48Z,business
Is Donald Trump Trying to Create a Nuclear Narrative as His Escape Ramp from the War with Iran?,Globalresearch.ca,2026-04-16T14:37:24Z,business
California Schemin’: James McAvoy’s ‘assured’ directing debut is a ‘blast’,The Week Magazine,2026-04-16T14:35:58Z,business
"From Medicine to Marketing, Architecture to Advertising: A Diverse Cohort Graduates from MICA 2026  | Loktej Business News",Loktej.com,2026-04-16T14:35:24Z,business
"Super Micro Computer Shareholder Alert: ClaimsFiler Reminds Investors With Losses In Excess Of $100,000 Of Lead Plaintiff Deadline In Class Action Lawsuits Against Super Micro Computer, Inc. - SMCI",GlobeNewswire,2026-04-16T14:35:00Z,business
"An ancient Microsoft Excel security flaw could let hackers hijack your entire system, so patch now",TechRadar,2026-04-16T14:35:00Z,business
Field Notes: FedEx CFO Departs as Critical Loop Charges Up,WWD,2026-04-16T14:35:00Z,business
World has changed but our parents career advice has not: Bengaluru CEO questions uncle’s computer engineering only advice for Class 12 pass cousin,The Times of India,2026-04-16T14:33:51Z,business
Autodesk Donates $1.95 Million to Howard University and Celebrates the Opening of a New Makerspace,GlobeNewswire,2026-04-16T14:33:00Z,business
"NASDAQ: IBRX: Kessler Topaz Meltzer & Check, LLP Announces the Filing of a Securities Fraud Class Action Lawsuit Against ImmunityBio, Inc.",GlobeNewswire,2026-04-16T14:31:00Z,business
NBC and the NYT appear to be duped by a discredited technique: facilitated communication,Whyevolutionistrue.com,2026-04-16T14:30:48Z,business
Brian Williams to Host Netflix Interview Podcast Series ‘We’re Back!’,TheWrap,2026-04-16T14:29:47Z,business
US Says 13 Ships Turned Around Rather Than Test Blockade,Financial Post,2026-04-16T14:27:44Z,business
Trump List of Saved Projects Spares $5 Billion Hydrogen Hubs,Financial Post,2026-04-16T14:27:36Z,business
"Walmart Deepens Commitment to North Carolina, Fueling Long-Term Impact and Future Statewide Investments",Associated Press,2026-04-16T14:27:23Z,business
MS NOW Host Throws Fit Over Ukraine ‘Whistleblower’ Being Referred For Prosecution,The Daily Caller,2026-04-16T14:26:31Z,business
Canada’s Aurora Cannabis (ACB) Looks Overseas As Domestic Market Goes Up in Smoke,Yahoo Entertainment,2026-04-16T14:26:12Z,business
"Apple hits record recycled material use, eliminates plastic packaging",Cult of Mac,2026-04-16T14:25:56Z,business
"AI helped CIBC save 1.2 million hours, cut mortgage approval times at TD, CEOs say",Financial Post,2026-04-16T14:22:20Z,business
How to spot fake weight loss injections: Seven red flags to avoid,The-independent.com,2026-04-16T14:21:54Z,business
NMG Announces Closing of US$96.5 Million Equity Public Offering,Financial Post,2026-04-16T14:20:35Z,business
"What’s up with… Really Wireless, smartphones, VodafoneThree",TelecomTV,2026-04-16T14:20:30Z,business
Aehr Test Systems Stock Explodes 17 Percent on Massive $41 Million AI Chip Testing Order,Ibtimes.com.au,2026-04-16T14:19:41Z,business
NPR receives $113 million in charitable gifts,NPR,2026-04-16T14:18:37Z,business
The Pentagon Wants Automakers To Build Fewer Cars And More Weapons,Jalopnik,2026-04-16T14:18:04Z,business
Eurofins CDMO Alphora Announces Integration of Advanced Continuous Flow Technology in API Manufacturing,Financial Post,2026-04-16T14:10:42Z,business
Textron Aviation Expands High‑Speed Cabin Connectivity With Gogo 5G Upgrade for Cessna Citation Business Jets,Financial Post,2026-04-16T14:10:30Z,business
LAT Multilingual Announces Partnership with World Press Freedom Canada,Financial Post,2026-04-16T14:10:19Z,business
Angelo Stiller responds to Luke Littler’s “please come” to Man United plea,The Peoples Person,2026-04-16T14:10:00Z,business
Netflix Stock Dips Slightly Ahead of Crucial Q1 Earnings Report Expected to Show Strong Growth,Ibtimes.com.au,2026-04-16T14:07:56Z,business
IMF Sees Iran War Driving African Nations to Seek Greater Help,Financial Post,2026-04-16T14:07:20Z,business
"Republicans rip 4 blue states for keeping taxes on tips, overtime after Trump reprieve",Fox News,2026-04-16T14:05:32Z,business
SMU launches Longevity Societies and Economies Institute to advance knowledge and innovation for Singapore’s longevity transition,BusinessLine,2026-04-16T14:05:21Z,business
Trillion Energy International Inc. to Present at the Oil & Gas Virtual Investor Conference on April 16th,Financial Post,2026-04-16T14:04:17Z,business
Altus Group Recognized as “Data Solution of the Year for Real Estate” in 2026 Data Breakthrough Awards,Financial Post,2026-04-16T14:04:09Z,business
"How to invest when markets are reacting irrationally to a war, oil shocks and major uncertainty",Financial Post,2026-04-16T14:02:08Z,business
US Industrial Production Fell in March in Broad Decline,Financial Post,2026-04-16T14:01:59Z,business
Introducing Koog Integration for Spring AI: Smarter Orchestration for Your Agents,Jetbrains.com,2026-04-16T14:01:57Z,business
Former Disney teen star exposes chilling warning signs of predatory behavior in Hollywood,Fox News,2026-04-16T14:00:30Z,business
Russia plans to put nuclear weapons in orbit for 'space Pearl Harbor'...,Thetimes.com,2026-04-16T14:00:13Z,business
Sanitation access and satisfaction in northern Haiti: Insights from a quasi-census survey,Plos.org,2026-04-16T14:00:00Z,business
"“A Shortage Of Nearly Everything” Is Coming If The War Does Not End Soon – In South Korea, People Are Already Panic-Buying Trash Bags",Activistpost.com,2026-04-16T14:00:00Z,business
Awards for Irish television to be presented tonight,RTE,2026-04-16T15:25:45Z,entertainment
Read the memo from Disney's brand chief about why the marketing team got hit hard by layoffs,Business Insider,2026-04-16T15:23:49Z,entertainment
Roku hits a major milestone with 100 million users,The Verge,2026-04-16T15:14:46Z,entertainment
Apple and Google Continue to Offer 'Nudify' Apps that Use AI to Generate Deepfake Porn,Breitbart News,2026-04-16T15:02:20Z,entertainment
Samsung Galaxy Z Fold 8: July 22 Unpacked Date and London Venue,Geeky Gadgets,2026-04-16T15:00:39Z,entertainment
"PHOTOS: Our Room at This Famous Hotel Cost $2,000…And We TOTALLY Understand Why!",disneyfoodblog.com,2026-04-16T15:00:21Z,entertainment
Vampiro Reflects on His Amazing Career as He Gets Ready to Rock One Last Time,TVInsider,2026-04-16T14:54:34Z,entertainment
Victoria Beckham breaks silence on family feud with son Brooklyn and his wife Nicola Peltz,Fox News,2026-04-16T14:50:21Z,entertainment
It's Been 5 Years Since Daniel Craig's Bond Exit. Amazon Boss Just Spoke On Why His Successor Is Taking So Long,CinemaBlend,2026-04-16T14:50:05Z,entertainment
"Jury finds Ticketmaster, Live Nation run monopoly",The Week Magazine,2026-04-16T14:49:39Z,entertainment
"Celtics vs. 76ers schedule: Dates, times, TV channels, scores for 2026 NBA Playoffs first-round series",Sporting News,2026-04-16T14:39:32Z,entertainment
"Nolte: Mamdani Grocery Store Will Take 3 Years to Build, Cost Absurd $30M",Breitbart News,2026-04-16T14:39:13Z,entertainment
"From Medicine to Marketing, Architecture to Advertising: A Diverse Cohort Graduates from MICA 2026  | Loktej Business News",Loktej.com,2026-04-16T14:35:24Z,entertainment
Marina Bay Sands Room Tour: Is This Iconic Hotel Worth the Hype?,allears.net,2026-04-16T14:30:12Z,entertainment
John Mulaney Confirmed That Ridiculous Urinal Prank Will Forte Pulled At SNL,CinemaBlend,2026-04-16T14:29:29Z,entertainment
Hoda Kotb's 'Favorite Part' Of Savannah Guthrie's Today Return Has Me So Emotional,CinemaBlend,2026-04-16T14:16:05Z,entertainment
Netflix Stock Dips Slightly Ahead of Crucial Q1 Earnings Report Expected to Show Strong Growth,Ibtimes.com.au,2026-04-16T14:07:56Z,entertainment
Should You Watch Beef Season 2? The Info You Need In Under 100 Words,CinemaBlend,2026-04-16T14:05:00Z,entertainment
Beef Recap: Everyone Is Scamming,Vulture,2026-04-16T14:00:46Z,entertainment
Former Disney teen star exposes chilling warning signs of predatory behavior in Hollywood,Fox News,2026-04-16T14:00:30Z,entertainment
"Street Fighter's Trailer Is Epic, But 3 Game References Make Me Giddier Than The Rest",CinemaBlend,2026-04-16T13:51:40Z,entertainment
Why PR Experts And Social Media Stars Think Megan Fox Is Losing Out On Millions,CinemaBlend,2026-04-16T13:48:42Z,entertainment
'The AI Doc' director says ‘F*ck you’ to AI companies stealing artists’ IP,Mashable,2026-04-16T13:47:21Z,entertainment
"13 of the best Record Store Day 2026 releases, as picked by TechRadar — Pavement, Public Service Broadcasting and more",TechRadar,2026-04-16T13:46:27Z,entertainment
Investor Aaron Butler scoops up Lincoln Road site where Noble 33 plans restaurant,The Real Deal,2026-04-16T13:45:00Z,entertainment
GameStop Stock Holds Steady Near $24.73 as Cash Pile Fuels Acquisition Buzz in 2026,Ibtimes.com.au,2026-04-16T13:44:30Z,entertainment
Brandi Glanville ends up in urgent care after trying viral TikTok trend,Fox News,2026-04-16T13:35:47Z,entertainment
"Jim Cramer on Booking Holdings: “When the War Ends, I Think This Thing’s Going to Soar”",Yahoo Entertainment,2026-04-16T13:35:36Z,entertainment
I found a hidden live TV section on my smart TV that I'd been missing for years,MakeUseOf,2026-04-16T13:30:58Z,entertainment
‘Foreign investments in India should be 100 times more’,BusinessLine,2026-04-16T13:30:57Z,entertainment
OneCoin’s fallout lingers as US victims get a shot at recovery,Cointelegraph,2026-04-16T13:28:01Z,entertainment
Business News | Savills India Earns Great Place to Work Certification 2026; Recognised Among India's Best Workplaces in Health & Wellness,LatestLY,2026-04-16T13:22:58Z,entertainment
Survivor Producers Need To Understand Why Fans Hated One Big Twist And Loved The Other,CinemaBlend,2026-04-16T13:15:46Z,entertainment
Netflix reveals first image and 2027 release window for Charlie Vs. the Chocolate Factory — and it'll put a deliciously sour twist on Roald Dahl's classic tale,TechRadar,2026-04-16T13:15:38Z,entertainment
Victory+ Brings Dallas Cowboys Content to Fans for Free in Major Multi-Year Streaming Partnership,Financial Post,2026-04-16T13:09:58Z,entertainment
'Lee Cronin's The Mummy' Review: A Family Under Threat From Within,Hollywood Reporter,2026-04-16T13:00:43Z,entertainment
From the Archive: Looking Back at the 1970s Nostalgic Festival Footwear Style,WWD,2026-04-16T13:00:00Z,entertainment
Marvel Looking For A Talent Relations Co-Ordinator… What's Going On?,Bleeding Cool News,2026-04-16T12:59:11Z,entertainment
"How Drunk Does Seth Meyers Get During Those Day Drinking Segments? (Plus, The Secret To Those Hangovers)",CinemaBlend,2026-04-16T12:50:06Z,entertainment
Shannon Elizabeth is Joining OnlyFans on Heels of Divorce Filing,The Hollywood Gossip,2026-04-16T12:46:37Z,entertainment
"Study explores how and why US teens use TikTok, Instagram and Snapchat",Music Ally,2026-04-16T12:30:00Z,entertainment
Shoot of a popular film sequel begins on auspicious occasion of Poila Boishakh,The Times of India,2026-04-16T12:20:18Z,entertainment
Fraud is on the rise. Blame AI,USA Today,2026-04-16T12:17:18Z,entertainment
Jun-yeol Ryu to Star in Netflix Live-Action Series Adaptation of Webtoon G'day,Anime News Network,2026-04-16T12:15:00Z,entertainment
K-Pop’s ‘Big Four’ to collaborate on Fanomenon music festival,Music Ally,2026-04-16T12:15:00Z,entertainment
"DraftKings Announces Intent to Launch Online Sportsbook and Casino in Alberta, Canada",Financial Post,2026-04-16T12:08:30Z,entertainment
The Brutal Critique Christopher Nolan Got ‘Anonymously’ When Interstellar Came Out,CinemaBlend,2026-04-16T12:03:46Z,entertainment
Rogers Expands Satellite-to-Mobile Coverage to the U.S.,Financial Post,2026-04-16T12:02:47Z,entertainment
Asus TUF Gaming A14 (2026) review: Big CPU power in a mispriced gaming laptop,Tom's Hardware UK,2026-04-16T12:00:00Z,entertainment
Style and Decor. Il momento in cui l'estetica personale e le tendenze si incontrano. DECOR INSPIRATION.,Coolchicstylefashion.com,2026-04-16T12:00:00Z,entertainment
Crunchyroll Brings Chainsaw Man Voice Actor Kikunosuke Toya to Thailand,Anime News Network,2026-04-16T12:00:00Z,entertainment
"I Didn't Expect The Floor To Last This Long, But I Am Glad It Did",CinemaBlend,2026-04-16T12:00:00Z,entertainment
"Iran War timeline continues to shift. And, jury rules Live Nation acted as monopoly",NPR,2026-04-16T11:59:11Z,entertainment
Thelma & Louise musical set for world premiere at London theatre,The-independent.com,2026-04-16T11:47:48Z,entertainment
Anonymous perps behind 86 million files scraped from Spotify hit with $322 million court judgement — Anna's Archive case presents intriguing precedent for AI training,Tom's Hardware UK,2026-04-16T11:40:00Z,entertainment
Re:ZERO -Starting Life in Another World- Season 4 ‒ Episodes 1-2,Anime News Network,2026-04-16T11:30:00Z,entertainment
"Laughter Chefs 3: Sunita Ahuja reacts to ending her family feud with Krushna Abhishek and Kashmera Shah; says, “Waqt ka kya bharosa, raat toh soye, pata nahi subah uthenge ke nahi”",The Times of India,2026-04-16T11:28:31Z,entertainment
Spotify just won $322 million from music pirates it can’t find,The Verge,2026-04-16T11:27:42Z,entertainment
The Warrior Princess and the Barbaric King,Anime News Network,2026-04-16T11:25:24Z,entertainment
Ex-Sony Exec Comments on Game Pass,IGN,2026-04-16T11:24:29Z,entertainment
Internal Supreme Court tensions spill into public view,Yahoo Entertainment,2026-04-16T11:02:35Z,entertainment
Historic Israel-Lebanon talks to take place for first time in decades and more top headlines,Fox News,2026-04-16T10:52:24Z,entertainment
"Gianni Infantino confirms first-ever FIFA World Cup final halftime show for 2026 inspired by NFL Super Bowl, Coldplay’s Chris Martin to curate mega event",The Times of India,2026-04-16T10:51:33Z,entertainment
Beef season 2 is the dumbest new Netflix show in years — but I can't stop laughing at these wildly inappropriate cultural Easter eggs,TechRadar,2026-04-16T10:51:14Z,entertainment
"""Couples Therapy"" Season Five Premieres Friday, May 15, Exclusively on Paramount+",Thefutoncritic.com,2026-04-16T10:01:00Z,entertainment
"Prince Harry, Meghan Markle blasted for ‘faux royal tour’ as experts accuse couple of exploiting titles",Fox News,2026-04-16T10:00:20Z,entertainment
"A Burning House, a Quiet Media, a Silenced Majority",Thenation.com,2026-04-16T09:50:00Z,entertainment
YMU Signs Presenter & Podcaster Vogue Williams,Deadline,2026-04-16T09:30:00Z,entertainment
Warner Bros. Files Criminal Complaint Against Chilean IPTV Operator Over “Alarming” Piracy Growth,Torrentfreak.com,2026-04-16T09:08:42Z,entertainment
"Neil Patrick Harris, Tituss Burgess and Ellie Kemper to Star in Forthcoming Mo Willems Children's Book Adaptions for Paramount+",Thefutoncritic.com,2026-04-16T09:01:00Z,entertainment
"Trump hits key battlegrounds to sell tax cuts, boost GOP ahead of midterms",Fox News,2026-04-16T09:00:42Z,entertainment
"A survey of US teens: ~90% say entertainment is a reason they use TikTok, Instagram, or Snapchat, 57% Snapchat message daily, and 37% say TikTok impacts sleep (Pew Research Center)",Mediagazer.com,2026-04-16T08:55:01Z,entertainment
Dr. Oz says Trump thinks diet soda ‘must kill cancer cells’,Headtopics.com,2026-04-16T08:43:07Z,entertainment
IEA chief Birol named sole Turkish figure on Time’s most influential list,Hurriyet Daily News,2026-04-16T08:34:24Z,entertainment
"""SkyMed"" Season 4 Takes Flight May 21 on Paramount+",Thefutoncritic.com,2026-04-16T08:30:00Z,entertainment
Beef Season-Premiere Recap: Mind Games,Vulture,2026-04-16T08:00:09Z,entertainment
How A Convicted Sex Offender Tricked His Way Through The World Of UK Theater: “I Was Terrified Of Him Because Of The Level Of Betrayal”,Deadline,2026-04-16T08:00:00Z,entertainment
Samsung adds Kings of Comedy to Samsung TV Plus in India,SamMobile,2026-04-16T07:30:19Z,entertainment
Hunger Games actor Ethan Jamieson arrested for alleged assault with intent to kill,The-independent.com,2026-04-16T07:17:10Z,entertainment
"Where to watch LOVB championship: Schedule, times, channel, live stream for 2026 volleyball finals",Sporting News,2026-04-16T07:00:02Z,entertainment
How Professors Shaped Some of Last Year’s Biggest Films and Television,Inside Higher Ed,2026-04-16T07:00:00Z,entertainment
"Trump to promote tax breaks in Las Vegas, where residents feel the pinch",Abcnews.com,2026-04-16T06:15:26Z,entertainment
"Perché non ci piacciono le regole, ma non ci piace nemmeno sbagliare. E soprattutto ci piace brillare. DAILY INSPIRATION.",Coolchicstylefashion.com,2026-04-16T06:15:00Z,entertainment
"Oasis’ Comeback Outing Wins ‘Major Tour of the Year’ Prize at Pollstar Awards, as Kendrick Lamar/SZA, Benson Boone and the Weeknd Also Score Top Honors",Variety,2026-04-16T06:07:25Z,entertainment
Atlanta's first open container district launches in South Downtown ahead of World Cup,CBS News,2026-04-16T06:00:40Z,entertainment
"Seven Seas Launches 'Yes, No, or Maybe?' Audiobook for Siren Imprint",Anime News Network,2026-04-16T05:56:58Z,entertainment
Crunchyroll to Bring 'Re:ZERO -Starting Life in Another World-' Sason 3 on Blu-Ray™ July 28,Anime News Network,2026-04-16T05:56:47Z,entertainment
China’s Parallel Web Behind the Wall | Vale.Rocks,Vale.rocks,2026-04-16T05:47:02Z,entertainment
"Trump to promote tax breaks in Las Vegas, where residents feel the pinch of high gas prices",Abcnews.com,2026-04-16T04:57:07Z,entertainment
"Trump to promote tax breaks in Las Vegas, where residents feel the pinch of high gas prices",Abcnews.com,2026-04-16T04:56:45Z,entertainment
Darby Allin's AEW Title Win Is Tony Khan's Worst Attack on WWE Yet,Bleeding Cool News,2026-04-16T04:04:10Z,entertainment
"Rewards App Faces Data Broker Accusations; Apple Loves Advertising, Apparently",AdExchanger,2026-04-16T04:03:43Z,entertainment
AIX26: Air Canada commences flying with Panasonic Astrova,Boardingarea.com,2026-04-16T03:55:11Z,entertainment
Popular Crime TV Show Renewed for Season 2 at CBS,ComingSoon.net,2026-04-16T03:46:34Z,entertainment
Beloved Baywatch Actor Returns for Fox’s Reboot Series,ComingSoon.net,2026-04-16T03:45:03Z,entertainment
The Valley Recap: Why 2K?,Vulture,2026-04-16T02:54:54Z,entertainment
Survivor Recap: Double Trouble,Vulture,2026-04-16T02:54:45Z,entertainment
Marvel’s Kryptonite = Gavin Newsom and wokeness,New York Post,2026-04-16T02:51:34Z,entertainment
REPORT: Nearly 200 Dead In ‘World’s Largest Water Fight’,The Daily Caller,2026-04-16T15:31:05Z,health
Pope Leo XIV in Cameroon says ‘the time has come’ to rebuild peace,Ewtnnews.com,2026-04-16T15:30:28Z,health
“Most Trolled Person In The Entire World”: Meghan Markle’s Comments About Online Bullying Spark Backlash,Boredpanda.com,2026-04-16T15:29:52Z,health
Google Faces EU Order to Share Search Data With Rivals,pymnts.com,2026-04-16T15:28:23Z,health
Saint Leo University Expands Online Graduate Programs for Florida Working Professionals,GlobeNewswire,2026-04-16T15:22:00Z,health
Ex-PlayStation boss says Microsoft is 'trying so hard to will' Xbox Game Pass 'into health' and suggests 'a clarifying post mortem would do the entire industry some good',TechRadar,2026-04-16T15:18:48Z,health
RFK Jr. will remake panel that determines which preventative services insurers must cover (Carmen Paun/Politico),Memeorandum.com,2026-04-16T15:15:00Z,health
(VIDEO) Former Virginia Lt. Gov. Justin Fairfax Kills Wife Then Himself in Murder-Suicide Amid Messy Divorce,Ibtimes.com.au,2026-04-16T15:10:01Z,health
Tiger Woods' attorney fights subpoena for prescription drug records in DUI case: reports,Fox News,2026-04-16T15:05:21Z,health
"Clavicular Commits To Sobriety, Quits Livestreaming After On-Camera Overdose",The Daily Caller,2026-04-16T15:03:32Z,health
"Death rate in immigration detention has reached a 22-year-high, raising physicians' concerns",NBC News,2026-04-16T15:02:24Z,health
"In Mamdani’s NYC, sewer socialism is out. Pothole politics is in.",Gothamist,2026-04-16T15:01:06Z,health
Last Words from the Late Vivian Connell,Dianeravitch.net,2026-04-16T15:00:00Z,health
The Infrastructure Play Hiding in Plain Sight Across Cardiac Care,GlobeNewswire,2026-04-16T15:00:00Z,health
"Patriots links 4/16/26: Finding prospect fits: S, OT, LB, ST",Pats Pulpit,2026-04-16T14:50:01Z,health
"Fast-food chain rejects tech trends, doubles down on in-person service",Fox News,2026-04-16T14:47:15Z,health
French Police Rescue Mother and Child After $400K Crypto Ransom Kidnapping,Decrypt,2026-04-16T14:46:38Z,health
Man kills sister’s harasser in WS,The Times of India,2026-04-16T14:46:25Z,health
Kathmandu district Red Cross wraps up first aid training in 6 wards,Peoplesreview.com.np,2026-04-16T14:40:43Z,health
"ImmunityBio Shareholder Alert: ClaimsFiler Reminds Investors With Losses In Excess Of $100,000 Of Lead Plaintiff Deadline In Class Action Lawsuit Against ImmunityBio, Inc. - IBRX",GlobeNewswire,2026-04-16T14:40:00Z,health
Exclusive Poll: Three-Quarters of Voters Support Rolling Back FICO Fees for Credit Score Reports,Breitbart News,2026-04-16T14:38:57Z,health
"Purisaki Berberine Patches 2026 | Effective Weight Loss For Women Lose 12+ lbs per Month Read Benefits, Ingredients, Side Effects, Lunch in USA.",GlobeNewswire,2026-04-16T14:34:00Z,health
Lead contamination crisis exposed in public parks across major southern city,Fox News,2026-04-16T14:32:45Z,health
NBC and the NYT appear to be duped by a discredited technique: facilitated communication,Whyevolutionistrue.com,2026-04-16T14:30:48Z,health
Ken Jennings addresses future on Jeopardy — and the truth about controversial final question that broke 74-win streak,The-independent.com,2026-04-16T14:23:50Z,health
Apple Starts Laying The Groundwork For Its iOS 27 AI Revamp As 4 Features Get Leaked,Wccftech,2026-04-16T14:23:14Z,health
Eagles News: Good perspective on the A.J. Brown situation,Bleeding Green Nation,2026-04-16T14:21:22Z,health
Dubai Health Joins iHope as First Laboratory Partner in the Middle East,Associated Press,2026-04-16T14:21:19Z,health
"Doping is a ‘big problem’ in India, global anti-doping body chief says",Al Jazeera English,2026-04-16T14:16:14Z,health
How Important Is Sleep? Rory McIlroy Had a 92 Sleep Score Before His Masters Repeat.,menshealth.com,2026-04-16T14:13:58Z,health
Samsung SmartThings gets Now Brief integration,GSMArena.com,2026-04-16T14:13:02Z,health
Kennedy returns to Capitol Hill with clout diminished - Axios,Slashdot.org,2026-04-16T14:12:43Z,health
Eurofins CDMO Alphora Announces Integration of Advanced Continuous Flow Technology in API Manufacturing,Financial Post,2026-04-16T14:10:42Z,health
5 reasons Apple’s ecosystem is almost impossible to leave,Cult of Mac,2026-04-16T14:08:28Z,health
SMU launches Longevity Societies and Economies Institute to advance knowledge and innovation for Singapore’s longevity transition,BusinessLine,2026-04-16T14:05:21Z,health
"Adam Hughes, Cancelling Store Signings & Appearances After Diagnosis",Bleeding Cool News,2026-04-16T14:04:09Z,health
Beef Recap: Everyone Is Scamming,Vulture,2026-04-16T14:00:46Z,health
FEMINIST 250: ‘Founding Feminists’ Public Syllabus,Ms. Magazine,2026-04-16T14:00:00Z,health
Genomic diversity analysis enables development of pan-Dengue Toehold RNA sensors,Plos.org,2026-04-16T14:00:00Z,health
Sanitation access and satisfaction in northern Haiti: Insights from a quasi-census survey,Plos.org,2026-04-16T14:00:00Z,health
Burden of antimicrobial resistance in culture-confirmed Salmonella Typhi isolates in India from 1977 to 2024: A systematic review and meta-analysis,Plos.org,2026-04-16T14:00:00Z,health
Why Iran Is Determined to Protect Hezbollah in Any Peace Deal,OilPrice.com,2026-04-16T14:00:00Z,health
"Designing, implementing and embedding transformation-focused evaluation: A framework and insights from a regional food system change initiative",Plos.org,2026-04-16T14:00:00Z,health
"Habitat Services workers in Toronto join the United Steelworkers, strengthening their voice in the social service sector",Financial Post,2026-04-16T13:59:07Z,health
Alphabet Stock Dips Slightly to $333.97 as Investors Await Q1 Earnings and Massive AI Spending,Ibtimes.com.au,2026-04-16T13:55:34Z,health
Colorado Senate Bill Would Overhaul Marijuana Taxes and Shift Testing Oversight to Public Health,Themarijuanaherald.com,2026-04-16T13:52:38Z,health
"From Venezuela to Iran, major operations have kept US Navy supercarrier USS Gerald R. Ford away from home for almost 10 months",Business Insider,2026-04-16T13:51:52Z,health
"In a memo, Condé Nast CEO Roger Lynch says Self magazine is shutting down and its health and wellness content will be integrated into brands like Allure (Emily Sundberg/@emily_sundberg)",Mediagazer.com,2026-04-16T13:50:03Z,health
Chargers Daily Links: Thursday Open Thread,Bolts From The Blue,2026-04-16T13:50:00Z,health
Fantasy Baseball Today: Rankings remain steady but Sal Stewart's breakout forces rise up the boards,CBS Sports,2026-04-16T13:47:21Z,health
AMA: Clinician burnout in specialties persists as overall rates drop,Techtarget.com,2026-04-16T13:46:00Z,health
"Shahmir Khan wants to address mental health issues, burnout & anxiety",The Times of India,2026-04-16T13:44:10Z,health
Kanye West ‘TRAUMATIZED’ … OVER THE SIZE OF PETE DAVIDSON’S MANHOOD!,Showbiz Cheat Sheet,2026-04-16T13:42:50Z,health
"Parents, teachers back tougher stance on school bullying, but doubts remain over impact",CNA,2026-04-16T13:38:25Z,health
"Dow Jones Hits 48,592 Amid Iran Ceasefire Hopes as Markets Eye Diplomatic Breakthrough",Ibtimes.com.au,2026-04-16T13:36:28Z,health
Brandi Glanville ends up in urgent care after trying viral TikTok trend,Fox News,2026-04-16T13:35:47Z,health
‘Hit a homer for him’: Dalton Rushing fulfills Shohei Ohtani’s request as Dodgers DH,New York Post,2026-04-16T13:29:23Z,health
Business News | Savills India Earns Great Place to Work Certification 2026; Recognised Among India's Best Workplaces in Health & Wellness,LatestLY,2026-04-16T13:22:58Z,health
"Fullscript Journeys Launches, Putting 125,000 Providers Back at the Center of the DTC Health Boom",Financial Post,2026-04-16T13:19:32Z,health
TCS declares Nashik WFH; Wipro Q4 results,The Times of India,2026-04-16T13:17:57Z,health
"Astrana Health, Inc. (NASDAQ:ASTH) Given Average Rating of ""Moderate Buy"" by Analysts",MarketBeat,2026-04-16T13:17:16Z,health
Mental health parity remains elusive in 43 states,Techtarget.com,2026-04-16T13:14:00Z,health
Former Virginia Lt. Gov. Justin Fairfax And His Wife Dead In Murder-Suicide,HuffPost,2026-04-16T13:05:14Z,health
"Thursday, April 16, 2026",Kffhealthnews.org,2026-04-16T13:05:05Z,health
"ThreatsDay Bulletin: Defender 0-Day, SonicWall Brute-Force, 17-Year-Old Excel RCE and 15 More Stories",Internet,2026-04-16T13:05:00Z,health
The Quiet Shift Replacing Million-Dollar Heart Scanners With Software,Financial Post,2026-04-16T13:03:31Z,health
"Philips receives FDA 510(k) clearance for Verida, the world’s first AI-powered detector-based spectral CT*, advancing diagnostic precision across clinical applications",Financial Post,2026-04-16T13:03:09Z,health
Asian enrollment at Johns Hopkins is skyrocketing. No one can say why.,Freerepublic.com,2026-04-16T13:01:58Z,health
JD Vance Suspends 447 More Hospices in L.A. in Ongoing Battle Against Fraud,Legalinsurrection.com,2026-04-16T13:00:40Z,health
"Philips receives FDA 510(k) clearance for Verida, the world’s first AI-powered detector-based spectral CT*, advancing diagnostic precision across clinical applications",GlobeNewswire,2026-04-16T13:00:00Z,health
The workers at the world’s largest library association have a story they want to tell,Chicago Reader,2026-04-16T13:00:00Z,health
"Whoop is moving beyond wearables to test your blood, integrating the results with its AI-powered app — and its latest evolution is smarter than ever",TechRadar,2026-04-16T13:00:00Z,health
Republicans/Absolute Freaks Want To Make Teen Pregnancy Great Again,Wonkette.com,2026-04-16T12:55:59Z,health
Toxic Gas-Emitting Plants Get Pollution Reprieve Under Trump,Insurance Journal,2026-04-16T12:52:18Z,health
"Students expect their university will mishandle sexual misconduct, if they ever report it",The Conversation Africa,2026-04-16T12:46:29Z,health
"""Into the Wood Chipper"": Whistleblower's Inside Story of DOGE Shredding USAID, 14 Million May Die",Democracy Now!,2026-04-16T12:46:22Z,health
"DarkPulse, Inc. to Present at the Oil & Gas Virtual Investor Conference April 16th",Financial Post,2026-04-16T12:37:33Z,health
The Lewis dynasty makes a third bid to shape democratic socialism in Canada,The Conversation Africa,2026-04-16T12:34:54Z,health
Cority Wins Two E+E Leader Awards for AI Compliance and Emissions Innovation,Financial Post,2026-04-16T12:32:36Z,health
"Study explores how and why US teens use TikTok, Instagram and Snapchat",Music Ally,2026-04-16T12:30:00Z,health
Synching workouts to natural body clock may help maximize heart health benefits,Medical News Today,2026-04-16T12:17:00Z,health
Good news for Canada's World Cup team as Alphonso Davies looking stronger each game in return from injury,CBC News,2026-04-16T12:15:31Z,health
Can Eye Makeup Harm Your Eyes? What to Know and Safer Alternatives,Women's Health,2026-04-16T12:03:55Z,health
Wellcome Leap Announces $2 Million Prize in $50 Million Quantum for Bio Challenge Program,Financial Post,2026-04-16T12:02:34Z,health
"Indonesia certifies 13,576 MBG kitchens, eyes completion by August",Antaranews.com,2026-04-16T12:01:04Z,health
5 new podcasts to listen to this week,The-independent.com,2026-04-16T15:18:40Z,science
"Science Slot, Arteta On Fire, Orban Lit, McClean Media, Dub Doubt - 16/04/26",Acast.com,2026-04-16T15:02:15Z,science
Miss Succession? Brian Cox's new movie Glenrothan will make you rethink dysfunctional family dynamics all over again — and is a world away from Waystar Royco,TechRadar,2026-04-16T15:00:00Z,science
Graham Platner Apologizes for Using the R-Word,Mother Jones,2026-04-16T14:37:00Z,science
"Purisaki Berberine Patches 2026 | Effective Weight Loss For Women Lose 12+ lbs per Month Read Benefits, Ingredients, Side Effects, Lunch in USA.",GlobeNewswire,2026-04-16T14:34:00Z,science
World has changed but our parents career advice has not: Bengaluru CEO questions uncle’s computer engineering only advice for Class 12 pass cousin,The Times of India,2026-04-16T14:33:51Z,science
Autodesk Donates $1.95 Million to Howard University and Celebrates the Opening of a New Makerspace,GlobeNewswire,2026-04-16T14:33:00Z,science
Astronomers measure the mind-blowing power and speed of black hole jets for the first time - AP News,Slashdot.org,2026-04-16T14:32:08Z,science
Iran war: US ready to attack if no Iran deal reached,DW (English),2026-04-16T14:32:00Z,science
NBC and the NYT appear to be duped by a discredited technique: facilitated communication,Whyevolutionistrue.com,2026-04-16T14:30:48Z,science
Eagles News: Good perspective on the A.J. Brown situation,Bleeding Green Nation,2026-04-16T14:21:22Z,science
Generative AI in the Real World: Aishwarya Naresh Reganti on Making AI Work in Production,Oreilly.com,2026-04-16T14:03:20Z,science
Genomic diversity analysis enables development of pan-Dengue Toehold RNA sensors,Plos.org,2026-04-16T14:00:00Z,science
Burden of antimicrobial resistance in culture-confirmed Salmonella Typhi isolates in India from 1977 to 2024: A systematic review and meta-analysis,Plos.org,2026-04-16T14:00:00Z,science
FEMINIST 250: ‘Founding Feminists’ Public Syllabus,Ms. Magazine,2026-04-16T14:00:00Z,science
A computer without electricity? Mechanical computing concept 'could help improve people's lives' with all sorts of potential real-world uses,TechRadar,2026-04-16T13:36:04Z,science
"Astrana Health, Inc. (NASDAQ:ASTH) Given Average Rating of ""Moderate Buy"" by Analysts",MarketBeat,2026-04-16T13:17:16Z,science
Behold the Punny Titles of ‘Rick and Morty’ Season 9,Gizmodo.com,2026-04-16T13:00:01Z,science
Beyond Party Lines: Resonate Data Reveals What Actually Motivates 2026 Primary Voters and What Campaigns Need to Do About It,GlobeNewswire,2026-04-16T13:00:00Z,science
Fake banknotes mocked a US president. And are now worth thousands.,Popular Science,2026-04-16T13:00:00Z,science
Donald Clarke: A Greenland shark is the sort of chap you could go for a pint with,The Irish Times,2026-04-16T12:10:00Z,science
"DJI Osmo Pocket 4 won’t be available in the US officially, but XTRA MUSE 2 PRO Will",Geeky Gadgets,2026-04-16T12:04:24Z,science
Can Eye Makeup Harm Your Eyes? What to Know and Safer Alternatives,Women's Health,2026-04-16T12:03:55Z,science
Posthaste: Canada faces an entrepreneurial ‘drought’ as more businesses close than open,Financial Post,2026-04-16T12:00:45Z,science
A Diet High in These 3 Foods Can Reduce Heart Disease Risk,TODAY,2026-04-16T12:00:00Z,science
Thursday: Hili dialogue,Whyevolutionistrue.com,2026-04-16T11:45:59Z,science
"ACHIEVE-4, the longest Phase 3 study of Lilly's Foundayo (orforglipron) to date, reaffirmed its cardiovascular and overall safety profile as well as consistent improvements across key measures of cardiometabolic health",Crweworld.com,2026-04-16T11:30:40Z,science
"Helus Pharma Strengthens Medical Leadership by Appointing Dr. Ken Kramer as Senior Vice President, Medical Affairs",GlobeNewswire,2026-04-16T11:30:00Z,science
Inside That Weird Anti-Science Conference Where Trump’s EPA Chief Delivered the Keynote,Mother Jones,2026-04-16T11:30:00Z,science
How the American Oligarchy Went Hyperscale,Mother Jones,2026-04-16T11:00:00Z,science
"Creating Baby Geniuses to Thwart the AI Threat? (Yes, Really.)",Mother Jones,2026-04-16T11:00:00Z,science
Tech Billionaires Want Christians to Believe in AI,Mother Jones,2026-04-16T11:00:00Z,science
The Vivo X300 Ultra finally steps outside China with pre-order freebies,PhoneArena,2026-04-16T10:40:39Z,science
"This Is The Often Overlooked Cause Of Insulin Resistance (Nope, Not Sugar!)",mindbodygreen.com,2026-04-16T10:38:00Z,science
Desert Worlds in Habitable Zones Unlikely to Support Life Without Sufficient Surface Water,Spacewar.com,2026-04-16T10:25:55Z,science
Three-Body Exoplanet System TOI-201 Caught Changing Its Orbital Architecture in Real Time,Spacewar.com,2026-04-16T10:25:55Z,science
Sulfur Plays the Role of Oxygen in Mercury Magmas Reshaping How the Planet Formed,Spacewar.com,2026-04-16T10:25:55Z,science
BBC Science Focus editor Daniel Bennett says Apple News helped the title nearly double its editorial staff from six to 11 and reach 3M monthly page views (Alice Brooker/Press Gazette),Mediagazer.com,2026-04-16T10:10:01Z,science
A Joint Research Project With Université Laval Aims to Enable Aplantex to Increase Its Production of High-Value Molecules,Financial Post,2026-04-16T10:05:44Z,science
My surname makes people laugh. So I turned it into a research tool,The-independent.com,2026-04-16T10:03:20Z,science
Alycia Baumgardner is fighting for gender equality for women in the ring,NBC News,2026-04-16T10:00:41Z,science
"A Burning House, a Quiet Media, a Silenced Majority",Thenation.com,2026-04-16T09:50:00Z,science
1.3 bn people had liver disease globally in 2023: Lancet study,The Times of India,2026-04-16T09:31:02Z,science
​Who is Hungary’s Péter Magyar and how he overturned Viktor Orbán’s illiberal democracy,The Conversation Africa,2026-04-16T09:16:55Z,science
"2026 is the year payroll stacks break, and AI must grow up",TechRadar,2026-04-16T09:01:54Z,science
"House showdown: Democrat backed by Sanders, AOC faces Republican trying to flip blue-leaning district",Fox News,2026-04-16T09:00:19Z,science
The newest prediction markets guru is a middle schooler in braces,Business Insider,2026-04-16T09:00:02Z,science
The Blockheaded Thinking Behind Trump’s Plan for a Hormuz Blockade,Thenation.com,2026-04-16T09:00:00Z,science
American microbiologist behind global water safety breakthrough wins 2026 Lee Kuan Yew Water Prize,Associated Press,2026-04-16T08:52:43Z,science
IEA chief Birol named sole Turkish figure on Time’s most influential list,Hurriyet Daily News,2026-04-16T08:34:24Z,science
"What IBS, Vitamin D Deficiency & Diabetes Reveal About Brain Health",mindbodygreen.com,2026-04-16T08:31:00Z,science
OPINION: The Transphobia Of The Lesbian Action Group Will Not Save Them,Starobserver.com.au,2026-04-16T07:31:53Z,science
What we know about the cause and impact of the Viva Energy oil refinery fire,ABC News (AU),2026-04-16T07:10:42Z,science
How to tell if your dog is in pain and what to do if they are,ABC News (AU),2026-04-16T07:09:17Z,science
How Professors Shaped Some of Last Year’s Biggest Films and Television,Inside Higher Ed,2026-04-16T07:00:00Z,science
Xanadu Quantum Stock Surges 194% YTD: Buy the Photonic Computing Hype or Sell Before Reality Bites in 2026?,Ibtimes.com.au,2026-04-16T06:18:23Z,science
Deputy minister urges on-target strategy to close AI development gap,Antaranews.com,2026-04-16T06:16:00Z,science
"Study: Time-Restricted Eating Shows Weight Loss, Hormonal Benefits in Women with PCOS",Naturalnews.com,2026-04-16T06:00:00Z,science
Skeptical Science New Research for Week #16 2026,Skepticalscience.com,2026-04-16T05:23:40Z,science
"Galderma Launches New Alastin Regenerating Skin Nectar with TriHex+™, Powered by Its Next-Generation TriHex Technology® Regenerative Platform",Financial Post,2026-04-16T05:00:52Z,science
Computers go cyberpunk as Gen Z tricks out its own cyberdecks,The Week Magazine,2026-04-16T05:00:00Z,science
US Oil Exports Up A Few Million Barrels Per Day,Next Big Future,2026-04-16T04:47:00Z,science
British climbers complete new route in Swiss Alps,BBC News,2026-04-16T04:24:16Z,science
Terafab Equipment and Chip Orders,Next Big Future,2026-04-16T04:10:40Z,science
"Parkes Community: Incinerator project causes fear, mental health toll",Theland.com.au,2026-04-16T04:06:00Z,science
SpaceX Successfully Static Fires V3 Booster,Next Big Future,2026-04-16T03:49:12Z,science
Study Links Ultra-Processed Foods to Adolescent Obesity,Lifetechnology.com,2026-04-16T02:35:23Z,science
"CGTN: How China, Spain deepen ties amid global uncertainty",GlobeNewswire,2026-04-16T02:17:00Z,science
What Happens When Light Goes Boom? Part 1: The Scientist Who Stared at a Glow,Universe Today,2026-04-16T02:06:00Z,science
Yellowstone nearing eruption as new study finds magma brimming below the surface: scientists,Freerepublic.com,2026-04-16T02:03:00Z,science
Ethereum MACD Flashes Golden Cross—Price Surged 74%+ Last 3 Times,newsBTC,2026-04-16T02:00:41Z,science
Why is Tesla Up $28,Next Big Future,2026-04-16T01:55:24Z,science
GOP senator made emergency landing in jet owned by NASA chief he helped install,Raw Story,2026-04-16T01:47:11Z,science
Career tech programs take center stage at Montgomery Chamber ‘State of Schools’ event,WSFA,2026-04-16T00:56:28Z,science
South Dakota Neutrino Project At SURF Named 2026 Underground Project Of The Year,Kotatv,2026-04-16T00:00:00Z,science
The Unpublished Risk: Scientific Censorship and Lingering Questions on mRNA Vaccines,Shtfplan.com,2026-04-15T22:30:56Z,science
Path cleared for UTAS to sell Sandy Bay land for residential development,ABC News (AU),2026-04-15T22:10:38Z,science
California Dems in Disarray After Swalwell’s Exit,Daily Signal,2026-04-15T22:08:10Z,science
PROLLENIUM® Expands PACE with Launch of New Digital Training Portal,Financial Post,2026-04-15T22:04:10Z,science
"'Face lift' for Queensland dinosaur after discovery of 1,300 more bones",ABC News (AU),2026-04-15T21:55:41Z,science
"The alcohol crisis quietly hitting high-stress, “high-status” workers",Vox,2026-04-15T21:24:19Z,science
Retraction Watch testifies in Congressional hearing on scientific publishing,Retractionwatch.com,2026-04-15T21:00:42Z,science
Bayer Canada Supports New School of Medicine at Simon Fraser University (SFU) With Full Tuition Entrance Award for Inaugural Class,Financial Post,2026-04-15T20:42:43Z,science
"NVIDIA Will Be “Very, Very Large” Today Even If AI Didn’t Exist, Says CEO Jensen, But Also States He Would’ve Been Really Sad If There Was No AI",Wccftech,2026-04-15T20:00:07Z,science
The World Welcomes the Crew of Artemis II Home!,Universe Today,2026-04-15T19:54:49Z,science
'Maybe it’s not science fiction': Solar panels are causing rainwater to fall in one of the driest places on Earth,TechRadar,2026-04-15T19:45:00Z,science
Government responds after 'worst is yet to come' warning over fuel prices,LADbible,2026-04-15T19:39:44Z,science
Earth’s nighttime lights are getting more volatile — what does that mean?,Yale.edu,2026-04-15T19:30:27Z,science
"Scientists, fishers worried after long-spined urchin found on Tasmania's west coast",ABC News (AU),2026-04-15T19:14:24Z,science
4/22 7-8 AM GDC 3rd floor wireless maintenance outage,Utexas.edu,2026-04-15T19:06:25Z,science
Awards for Irish television to be presented tonight,RTE,2026-04-16T15:25:45Z,sports
Astros' $54M pitcher blames arm fatigue on struggle to adjust to American lifestyle,Fox News,2026-04-16T15:24:37Z,sports
Read the memo from Disney's brand chief about why the marketing team got hit hard by layoffs,Business Insider,2026-04-16T15:23:49Z,sports
UNC basketball named an early loser in transfer portal,USA Today,2026-04-16T15:19:08Z,sports
LIV Golf's remaining nine events are fully funded. What's left?,USA Today,2026-04-16T15:15:37Z,sports
"2027 4-star WR Julian Caldwell announces commitment date, Ducks in mix",USA Today,2026-04-16T15:14:37Z,sports
"Royals vs. Tigers prediction: Odds, recent stats, trends, and best bets for April 16",NBCSports.com,2026-04-16T15:07:35Z,sports
Tiger Woods' attorney fights subpoena for prescription drug records in DUI case: reports,Fox News,2026-04-16T15:05:21Z,sports
Howe's future at a 'crossroads' as Newcastle's transfer priorities revealed,Sky Sports,2026-04-16T15:02:00Z,sports
UCLA MBB Signs Two High School Recruits For 2026-27 Season,Lasportsreport.com,2026-04-16T15:00:00Z,sports
Match Preview: Brentford v Fulham,Brentfordfc.com,2026-04-16T15:00:00Z,sports
All Seasons of Alan Ritchson’s 8.3 IMDb Sitcom Are Leaving Netflix,ComingSoon.net,2026-04-16T15:00:00Z,sports
Vampiro Reflects on His Amazing Career as He Gets Ready to Rock One Last Time,TVInsider,2026-04-16T14:54:34Z,sports
"Patriots links 4/16/26: Finding prospect fits: S, OT, LB, ST",Pats Pulpit,2026-04-16T14:50:01Z,sports
"Celtics vs. 76ers schedule: Dates, times, TV channels, scores for 2026 NBA Playoffs first-round series",Sporting News,2026-04-16T14:39:32Z,sports
"From Medicine to Marketing, Architecture to Advertising: A Diverse Cohort Graduates from MICA 2026  | Loktej Business News",Loktej.com,2026-04-16T14:35:24Z,sports
“What we give doesn’t always return”: Sarah Jane Ramos sounds off after Dak Prescott split as custody talks stay peaceful,The Times of India,2026-04-16T14:32:02Z,sports
"U.S. Senator to introduce bill aimed at ending sports blackouts, making games easier to watch for fans",Yahoo Entertainment,2026-04-16T14:21:28Z,sports
"In Warriors’ win, Al Horford did ‘one of the most difficult things in sports’",New York Post,2026-04-16T14:19:09Z,sports
"Doping is a ‘big problem’ in India, global anti-doping body chief says",Al Jazeera English,2026-04-16T14:16:14Z,sports
Georgio Poullas just showed Arman Tsarukyan what their RAF rivalry bought him,Sporting News,2026-04-16T14:14:26Z,sports
FIFA ‘surprised’ by US backlash as transport costs skyrocket at World Cup,Al Jazeera English,2026-04-16T14:13:31Z,sports
MTA hiring for major infrastructure project in NYC,WPIX 11 New York,2026-04-16T14:10:08Z,sports
Angelo Stiller responds to Luke Littler’s “please come” to Man United plea,The Peoples Person,2026-04-16T14:10:00Z,sports
"Toronto Maple Leafs management dysfunction allegations reported cost cutting claims, management controversies and NHL trade uncertainty issues",The Times of India,2026-04-16T14:09:14Z,sports
Beef Recap: Everyone Is Scamming,Vulture,2026-04-16T14:00:46Z,sports
"How to watch Premier League Darts 2026 Rotterdam: Live stream, TV channel and schedule",Sporting News,2026-04-16T14:00:01Z,sports
Vancouver Canucks star Elias Pettersson’s wife Katelyn Pettersson shares grief after second miscarriage loss publicly amid Canucks NHL playoff season,The Times of India,2026-04-16T13:55:17Z,sports
Sheffield Wednesday's future depends on crucial next three weeks,Sky Sports,2026-04-16T13:52:00Z,sports
Chargers Daily Links: Thursday Open Thread,Bolts From The Blue,2026-04-16T13:50:00Z,sports
Why PR Experts And Social Media Stars Think Megan Fox Is Losing Out On Millions,CinemaBlend,2026-04-16T13:48:42Z,sports
Another Drug Boat Bombing,Reason,2026-04-16T13:38:37Z,sports
WATCH: Hegseth says Americans 'see the success' in Iran,PBS,2026-04-16T13:38:23Z,sports
Jeremy Swayman playing status update boosts Boston Bruins ahead of Buffalo Sabres NHL playoff series,The Times of India,2026-04-16T13:36:02Z,sports
"Cowboys Headlines: Draft trade buzz explodes, new uniforms for the ops",USA Today,2026-04-16T13:31:43Z,sports
I found a hidden live TV section on my smart TV that I'd been missing for years,MakeUseOf,2026-04-16T13:30:58Z,sports
LIV Golf 2026 Season Pushes Forward Despite Saudi Funding Uncertainty and Billions in Losses,Ibtimes.com.au,2026-04-16T13:30:36Z,sports
Business News | Savills India Earns Great Place to Work Certification 2026; Recognised Among India's Best Workplaces in Health & Wellness,LatestLY,2026-04-16T13:22:58Z,sports
LIV Golf leader says the show will go on amid reports of Saudi funding uncertainty,NBCSports.com,2026-04-16T13:20:32Z,sports
Hockey legend Wayne Gretzky chooses Connor McDavid ahead of Nikita Kucherov in NHL Hart Trophy race,The Times of India,2026-04-16T13:19:43Z,sports
"How to watch Aston Villa v Bologna, team news, predicted line-ups and more",Hayters.com,2026-04-16T13:10:00Z,sports
"How to watch Nottingham Forest v Porto, team news, predicted line-ups and more",Hayters.com,2026-04-16T13:10:00Z,sports
"How to watch Fiorentina v Crystal Palace, team news, predicted line-ups and more",Hayters.com,2026-04-16T13:10:00Z,sports
Victory+ Brings Dallas Cowboys Content to Fans for Free in Major Multi-Year Streaming Partnership,Financial Post,2026-04-16T13:09:58Z,sports
Ottawa Senators captain Brady Tkachuk injury update raises concerns ahead of NHL playoff series opener against Carolina Hurricanes,The Times of India,2026-04-16T13:03:01Z,sports
Paramount’s Upfront Pitch Is About Three Things,AdExchanger,2026-04-16T13:00:37Z,sports
"Cubs 11, Phillies 2: Shōta Imanaga dominates and Nico Hoerner drives in five",Bleed Cubbie Blue,2026-04-16T13:00:00Z,sports
TruGolf Reports Fourth Quarter and Full Year 2025 Results,GlobeNewswire,2026-04-16T13:00:00Z,sports
Where Wisconsin basketball ranks in early 2026-27 season projection,USA Today,2026-04-16T12:56:02Z,sports
Trump Makes Endorsement in Key House Race,Daily Signal,2026-04-16T12:50:22Z,sports
Disney Adults NEED to STOP Breaking this Magic Kingdom Rule,disneyfoodblog.com,2026-04-16T12:50:14Z,sports
"Angels vs. Yankees prediction: Odds, recent stats, trends, and best bets for April 16",NBCSports.com,2026-04-16T12:45:08Z,sports
White Sox longtime anthem singer collapses on field while performing Black national anthem,Fox News,2026-04-16T12:43:17Z,sports
Icon League star in exclusive interview: Ian Prescott's own path,Onefootball.com,2026-04-16T12:43:00Z,sports
"Beacon Software Acquires E2E Soccer, Expanding Its Soccer Platform to Be the Leading Integrated Solution for Canadian Leagues and Clubs",Financial Post,2026-04-16T12:38:32Z,sports
Viant Probably Wouldn’t Have Acquired TVision If It Hadn’t Bought IRIS.TV First,AdExchanger,2026-04-16T12:35:58Z,sports
"Today News Headlines for School Assembly, April 17, 2026: Women’s reservation debate, IPL 2026, IMF growth outlook, and CBSE announcements",The Indian Express,2026-04-16T12:29:04Z,sports
Mail: The Sussexes’ Oz tour is causing ‘a definite sense of irritation in royal circles’,Celebitchy.com,2026-04-16T12:25:20Z,sports
Official: Disney World Confirms Major Hotel Perks Returning in 2027 — Here’s Why You’ll Want to Stay On-Property!,Inside the Magic,2026-04-16T12:22:57Z,sports
"India’s doping problem serious but efforts sincere, says WADA chief Witold Banka",BusinessLine,2026-04-16T12:10:47Z,sports
Jets draft rumor from CBS Sports reveals favorite among 2 possible picks at No. 2,Sporting News,2026-04-16T12:09:44Z,sports
"DraftKings Announces Intent to Launch Online Sportsbook and Casino in Alberta, Canada",Financial Post,2026-04-16T12:08:30Z,sports
Crystal Palace predicted lineup and team news vs Fiorentina,The Football Faithful,2026-04-16T12:05:00Z,sports
Rogers Expands Satellite-to-Mobile Coverage to the U.S.,Financial Post,2026-04-16T12:02:47Z,sports
"Chicago Cubs news and notes — Wiggins, Horton, Hodge, Rea, Hoerner, Hartshorn, Kelly, Alcantara",Bleed Cubbie Blue,2026-04-16T12:00:00Z,sports
Sydney Sweeney’s Adult NSFW Series Wins Ongoing Streaming War,ComingSoon.net,2026-04-16T12:00:00Z,sports
"Caine Praises Sailors, Marines Enforcing Iran Blockade",Globalsecurity.org,2026-04-16T12:00:00Z,sports
2 Seasons of a Netflix Original To Leave & Become a Prime Video Exclusive,ComingSoon.net,2026-04-16T12:00:00Z,sports
Show HN: VPN vs. Proxy Safety Comparison (with leak testing tools),Examineip.com,2026-04-16T11:55:54Z,sports
"2026 Toyota Yaris Cross for Europe debuts – 1.5L NA 3-cylinder hybrid, up to 130 PS, new GR Sport variant",Paul Tan's Automotive News,2026-04-16T11:53:05Z,sports
Gov. Mikie Sherrill demands FIFA foot the bill for World Cup transportation after reports NJ Transit could inflate train tickets by 775%,Freerepublic.com,2026-04-16T11:43:28Z,sports
"One week out from the NFL Draft: Intel, rumors and what we're hearing",CBS Sports,2026-04-16T11:39:34Z,sports
"PREVIEW | Brentford vs Fulham - team news, lineups, predictions",Playmakerstats.com,2026-04-16T11:35:00Z,sports
The Hoddle of Coffee: Tottenham news and links for Thurs. April 15,SB Nation,2026-04-16T11:34:31Z,sports
Curry leads Warriors to comeback win over Clippers - NBA,Slashdot.org,2026-04-16T11:32:15Z,sports
Why foreign automakers dominate the sedan market,CNBC,2026-04-16T11:30:01Z,sports
"Live Nation Illegally Monopolized Ticketing Market, Jury in Antitrust Trial Finds",TODAY,2026-04-16T11:22:06Z,sports
Mets' Jorge Polanco injury news isn't good at all,Sporting News,2026-04-16T11:16:23Z,sports
Prep talk: School cellphone bans are forcing students to talk again,Yahoo Entertainment,2026-04-16T11:15:00Z,sports
Internal Supreme Court tensions spill into public view,Yahoo Entertainment,2026-04-16T11:02:35Z,sports
2027 Disney World Vacation Packages Are Now Open!,allears.net,2026-04-16T11:01:13Z,sports
SN Archive (2003): Michael Jordan's wasn't viewed as a winner... until this game,Sporting News,2026-04-16T11:00:02Z,sports
Tech Billionaires Want Christians to Believe in AI,Mother Jones,2026-04-16T11:00:00Z,sports
Historic Israel-Lebanon talks to take place for first time in decades and more top headlines,Fox News,2026-04-16T10:52:24Z,sports
"Gianni Infantino confirms first-ever FIFA World Cup final halftime show for 2026 inspired by NFL Super Bowl, Coldplay’s Chris Martin to curate mega event",The Times of India,2026-04-16T10:51:33Z,sports
"RBC Heritage 2026 tees off, boosting Hilton Head economy",WSAV-TV,2026-04-16T10:40:27Z,sports
MM 4.16: Kori Edmondson and Maddy Sterling selected in inaugural WLL Draft,Testudo Times,2026-04-16T10:30:00Z,sports
“Gonna eat that up”- Ryan Garcia confirms August showdown with Conor Benn on livestream in Las Vegas for WBC welterweight title defense,The Times of India,2026-04-16T10:10:22Z,sports
What is CBS Sports' bold prediction for the Sooners in 2026?,USA Today,2026-04-16T10:08:07Z,sports
“Most Trolled Person In The Entire World”: Meghan Markle’s Comments About Online Bullying Spark Backlash,Boredpanda.com,2026-04-16T15:29:52Z,technology
"Trump administration looks to Ford, GM in WWII-style weapons push: report",New York Post,2026-04-16T15:26:30Z,technology
New FBI warning reveals phishing attacks hitting private chats,Fox News,2026-04-16T15:23:38Z,technology
Precore Gold Completes Data Compilation and Readies for AI Driven Drill Target Identification at Their Lac Big-Rush Gold Property in Quebec,GlobeNewswire,2026-04-16T15:22:00Z,technology
S&P 500 Climbs to Fresh Record High Near 7038 as Tech Earnings Optimism Overshadows Geopolitical Risks,Ibtimes.com.au,2026-04-16T15:21:50Z,technology
"ABBYY, IBM & Red Hat announce DocLang, open source universal document format",ComputerWeekly.com,2026-04-16T15:16:28Z,technology
The U.S. Imports 95% of Its Uranium. One Nasdaq-Listed Newcomer is the Largest Conventional Deposit in the Country,GlobeNewswire,2026-04-16T15:08:00Z,technology
"Walmart Deepens Commitment to Massachusetts, Fueling Long-Term Impact and Future Statewide Investments",Associated Press,2026-04-16T15:06:40Z,technology
Apple and Google Continue to Offer 'Nudify' Apps that Use AI to Generate Deepfake Porn,Breitbart News,2026-04-16T15:02:20Z,technology
Rumble Stock Rockets 18 Percent as Video Platform Launches Exchange Offer for AI Powerhouse Northern Data,Ibtimes.com.au,2026-04-16T15:02:13Z,technology
Schneider Electric unveils next generation agentic manufacturing capabilities powered by Microsoft Azure AI at Hannover Messe 2026,Financial Post,2026-04-16T15:01:24Z,technology
The BLUETTI FridgePower — Real-World Review,CleanTechnica,2026-04-16T15:00:52Z,technology
Samsung Galaxy Z Fold 8: July 22 Unpacked Date and London Venue,Geeky Gadgets,2026-04-16T15:00:39Z,technology
The Infrastructure Play Hiding in Plain Sight Across Cardiac Care,Financial Post,2026-04-16T15:00:16Z,technology
BLUETTI Launches FridgePower on Kickstarter to Address Rising Power Outages in Canada,Financial Post,2026-04-16T15:00:10Z,technology
The Supreme Court Is Functioning Better Than You Think,Rolling Stone,2026-04-16T15:00:00Z,technology
HII to Showcase Company’s Role as America’s Seapower Company at Sea-Air-Space 2026,GlobeNewswire,2026-04-16T15:00:00Z,technology
Last Words from the Late Vivian Connell,Dianeravitch.net,2026-04-16T15:00:00Z,technology
The Infrastructure Play Hiding in Plain Sight Across Cardiac Care,GlobeNewswire,2026-04-16T15:00:00Z,technology
Crypto for Advisors: Tokenization’s evolution,CoinDesk,2026-04-16T15:00:00Z,technology
"Post-Quantum Cryptography Migration at Meta: Framework, Lessons, and Takeaways",Fb.com,2026-04-16T14:59:44Z,technology
Quantum stocks on pace for a massive week after Nvidia debuts AI models to boost the tech,CNBC,2026-04-16T14:56:58Z,technology
Coventry Ranks #1 in 2025 Life Settlement League Table Report,Financial Post,2026-04-16T14:50:00Z,technology
"Super Micro Computer Shareholder Alert: ClaimsFiler Reminds Investors With Losses In Excess Of $100,000 Of Lead Plaintiff Deadline In Class Action Lawsuits Against Super Micro Computer, Inc. - SMCI",GlobeNewswire,2026-04-16T14:35:00Z,technology
Field Notes: FedEx CFO Departs as Critical Loop Charges Up,WWD,2026-04-16T14:35:00Z,technology
Tyler Robinson judge unseals ATF report in assassination of Charlie Kirk,Fox News,2026-04-16T14:34:26Z,technology
World has changed but our parents career advice has not: Bengaluru CEO questions uncle’s computer engineering only advice for Class 12 pass cousin,The Times of India,2026-04-16T14:33:51Z,technology
Autodesk Donates $1.95 Million to Howard University and Celebrates the Opening of a New Makerspace,GlobeNewswire,2026-04-16T14:33:00Z,technology
Iran war: US ready to attack if no Iran deal reached,DW (English),2026-04-16T14:32:00Z,technology
French Open prize money to increase by 9.5%,BBC News,2026-04-16T14:29:04Z,technology
French Open prize money to increase by 9.5%,BBC News,2026-04-16T14:28:59Z,technology
Trump List of Saved Projects Spares $5 Billion Hydrogen Hubs,Financial Post,2026-04-16T14:27:36Z,technology
"Walmart Deepens Commitment to North Carolina, Fueling Long-Term Impact and Future Statewide Investments",Associated Press,2026-04-16T14:27:23Z,technology
"Apple hits record recycled material use, eliminates plastic packaging",Cult of Mac,2026-04-16T14:25:56Z,technology
"AI helped CIBC save 1.2 million hours, cut mortgage approval times at TD, CEOs say",Financial Post,2026-04-16T14:22:20Z,technology
NMG Announces Closing of US$96.5 Million Equity Public Offering,Financial Post,2026-04-16T14:20:35Z,technology
"What’s up with… Really Wireless, smartphones, VodafoneThree",TelecomTV,2026-04-16T14:20:30Z,technology
Aehr Test Systems Stock Explodes 17 Percent on Massive $41 Million AI Chip Testing Order,Ibtimes.com.au,2026-04-16T14:19:41Z,technology
NPR receives $113 million in charitable gifts,NPR,2026-04-16T14:18:37Z,technology
Eurofins CDMO Alphora Announces Integration of Advanced Continuous Flow Technology in API Manufacturing,Financial Post,2026-04-16T14:10:42Z,technology
Textron Aviation Expands High‑Speed Cabin Connectivity With Gogo 5G Upgrade for Cessna Citation Business Jets,Financial Post,2026-04-16T14:10:30Z,technology
Wärtsilä’s 34SG engine makes its data center debut with new 412 MW U.S. project,GlobeNewswire,2026-04-16T14:10:00Z,technology
Netflix Stock Dips Slightly Ahead of Crucial Q1 Earnings Report Expected to Show Strong Growth,Ibtimes.com.au,2026-04-16T14:07:56Z,technology
SMU launches Longevity Societies and Economies Institute to advance knowledge and innovation for Singapore’s longevity transition,BusinessLine,2026-04-16T14:05:21Z,technology
Altus Group Recognized as “Data Solution of the Year for Real Estate” in 2026 Data Breakthrough Awards,Financial Post,2026-04-16T14:04:09Z,technology
FEMINIST 250: ‘Founding Feminists’ Public Syllabus,Ms. Magazine,2026-04-16T14:00:00Z,technology
Justin Fairfax & Wife Dead in Murder-Suicide: Updates,New York Magazine,2026-04-16T13:58:00Z,technology
Alphabet Stock Dips Slightly to $333.97 as Investors Await Q1 Earnings and Massive AI Spending,Ibtimes.com.au,2026-04-16T13:55:34Z,technology
'The AI Doc' director says ‘F*ck you’ to AI companies stealing artists’ IP,Mashable,2026-04-16T13:47:21Z,technology
Ronan Farrow on Sam Altman’s ‘unconstrained’ relationship with the truth,The Verge,2026-04-16T13:47:17Z,technology
Muppets Coaster Previews Are Coming To Disney and Passholders Could Be on The List,Inside the Magic,2026-04-16T13:47:03Z,technology
AMA: Clinician burnout in specialties persists as overall rates drop,Techtarget.com,2026-04-16T13:46:00Z,technology
Let there be light: First iPhone variable-aperture camera enters production,Cult of Mac,2026-04-16T13:45:47Z,technology
"'Towards a full private digital workspace': Tuta debuts quantum-resistant cloud storage ahead of Google Drive, OneDrive",TechRadar,2026-04-16T13:45:33Z,technology
GameStop Stock Holds Steady Near $24.73 as Cash Pile Fuels Acquisition Buzz in 2026,Ibtimes.com.au,2026-04-16T13:44:30Z,technology
Experian Named a 2026 CIO 100 Award Winner,Financial Post,2026-04-16T13:39:55Z,technology
Andersen Consulting Adds Collaborating Firm Nuvolar,Financial Post,2026-04-16T13:39:48Z,technology
Jim Cramer on GigaCloud Technology: “It’s Very Inexpensive”,Yahoo Entertainment,2026-04-16T13:39:48Z,technology
Tesla Stock Dips to $386 as Post-Surge Profit-Taking Hits Ahead of Q1 Earnings,Ibtimes.com.au,2026-04-16T13:39:15Z,technology
"Dow Jones Hits 48,592 Amid Iran Ceasefire Hopes as Markets Eye Diplomatic Breakthrough",Ibtimes.com.au,2026-04-16T13:36:28Z,technology
Jim Cramer on Uber: “This Sell-Off Is Creating Bargains”,Yahoo Entertainment,2026-04-16T13:35:33Z,technology
NUMERATOR LAUNCHES REAL-TIME ATTRIBUTION AND ANNOUNCES UPDATED BENCHMARKS TO FOLLOW LATER IN 2026,Financial Post,2026-04-16T13:33:38Z,technology
A Crucial iPhone 18 Pro Component Enters Production And It Could Become A Major Selling Point For Millions Later This Year,Wccftech,2026-04-16T13:27:02Z,technology
Apple and Nvida chipmaker TSMC reports huge jump in profits amid Iran war,The-independent.com,2026-04-16T13:21:06Z,technology
"Fullscript Journeys Launches, Putting 125,000 Providers Back at the Center of the DTC Health Boom",Financial Post,2026-04-16T13:19:32Z,technology
"Astrana Health, Inc. (NASDAQ:ASTH) Given Average Rating of ""Moderate Buy"" by Analysts",MarketBeat,2026-04-16T13:17:16Z,technology
Amex Acquires Hyper to Boost AI and Expense Management Offerings,pymnts.com,2026-04-16T13:15:39Z,technology
Intel Just Launched Its MacBook Neo Competitor: Wildcat Lake For Everyday PCs,Wccftech,2026-04-16T13:15:18Z,technology
NurExone Biologic Inc. Announces Fourth Quarter and Full-Year 2025 Financial Results and Provides Corporate Update,GlobeNewswire,2026-04-16T13:15:00Z,technology
Maase Inc Stock 2026: Volatile AI Pivot Sparks Buy Debate as Shares Surge on Acquisitions,Ibtimes.com.au,2026-04-16T13:14:05Z,technology
Victory+ Brings Dallas Cowboys Content to Fans for Free in Major Multi-Year Streaming Partnership,Financial Post,2026-04-16T13:09:58Z,technology
"Canva Unveils Canva AI 2.0, Reimagining How The World Designs and Works",Financial Post,2026-04-16T13:09:44Z,technology
Chemelex Makes Minority Investment in Algo8 to Advance AI-Driven Manufacturing,Financial Post,2026-04-16T13:09:24Z,technology
"Thursday, April 16, 2026",Kffhealthnews.org,2026-04-16T13:05:05Z,technology
"As the Counter-Drone Era Goes Mainstream, This Nasdaq AI Defense Stock Just Landed a World Cup Deployment Order",Financial Post,2026-04-16T13:03:39Z,technology
The Quiet Shift Replacing Million-Dollar Heart Scanners With Software,Financial Post,2026-04-16T13:03:31Z,technology
Port of Prince Rupert Cargo Surges 14% as DP World Expands Capacity,Financial Post,2026-04-16T13:03:18Z,technology
"Philips receives FDA 510(k) clearance for Verida, the world’s first AI-powered detector-based spectral CT*, advancing diagnostic precision across clinical applications",Financial Post,2026-04-16T13:03:09Z,technology
"Philips receives FDA 510(k) clearance for Verida, the world’s first AI-powered detector-based spectral CT*, advancing diagnostic precision across clinical applications",GlobeNewswire,2026-04-16T13:00:00Z,technology
TruGolf Reports Fourth Quarter and Full Year 2025 Results,GlobeNewswire,2026-04-16T13:00:00Z,technology
"Canva debuts a new suite of agentic tools, as the design app quietly becomes one of the world’s most used AI services",Fortune,2026-04-16T13:00:00Z,technology
"Portnoy Law Firm Announces Class Action on Behalf of Super Micro Computer, Inc. Investors",GlobeNewswire,2026-04-16T13:00:00Z,technology
Toxic Gas-Emitting Plants Get Pollution Reprieve Under Trump,Insurance Journal,2026-04-16T12:52:18Z,technology
The UK is alarmingly unprepared for the threats it faces – security expert explains why,The Conversation Africa,2026-04-16T12:49:19Z,technology
"Beacon Software Acquires E2E Soccer, Expanding Its Soccer Platform to Be the Leading Integrated Solution for Canadian Leagues and Clubs",Financial Post,2026-04-16T12:38:32Z,technology
"DarkPulse, Inc. to Present at the Oil & Gas Virtual Investor Conference April 16th",Financial Post,2026-04-16T12:37:33Z,technology
Official: Disney World Confirms Major Hotel Perks Returning in 2027 — Here’s Why You’ll Want to Stay On-Property!,Inside the Magic,2026-04-16T12:22:57Z,technology
Lexitas Chief Legal Officer Ryan Casey Named to Law360’s 2026 Editorial Advisory Board,GlobeNewswire,2026-04-16T12:17:00Z,technology
Checkmarx Named Winner of the Esteemed Global InfoSec Awards,GlobeNewswire,2026-04-16T12:12:00Z,technology
"The Download: cyberscammers’ banking bypasses, and carbon removal troubles",MIT Technology Review,2026-04-16T12:10:00Z,technology
Donald Clarke: A Greenland shark is the sort of chap you could go for a pint with,The Irish Times,2026-04-16T12:10:00Z,technology
Champagne to discuss Anthropic at meeting with Bessent,Financial Post,2026-04-16T12:09:10Z,technology
"DraftKings Announces Intent to Launch Online Sportsbook and Casino in Alberta, Canada",Financial Post,2026-04-16T12:08:30Z,technology
“Most Trolled Person In The Entire World”: Meghan Markle’s Comments About Online Bullying Spark Backlash,Boredpanda.com,2026-04-16T15:29:52Z,business
"Top Business & Market Headlines Today — BL Morning Report, April 17, 2026",BusinessLine,2026-04-16T15:26:46Z,business
"Trump administration looks to Ford, GM in WWII-style weapons push: report",New York Post,2026-04-16T15:26:30Z,business
Precore Gold Completes Data Compilation and Readies for AI Driven Drill Target Identification at Their Lac Big-Rush Gold Property in Quebec,Financial Post,2026-04-16T15:26:02Z,business
"Memo: Condé Nast is shuttering Self magazine, folding its content into other brands, and winding down Glamour's publishing arms in Mexico, Spain, and Germany (Corbin Bolies/The Wrap)",Mediagazer.com,2026-04-16T15:25:02Z,business
Brian Williams To Host Podcast Series For Netflix,Deadline,2026-04-16T15:24:35Z,business
Read the memo from Disney's brand chief about why the marketing team got hit hard by layoffs,Business Insider,2026-04-16T15:23:49Z,business
New FBI warning reveals phishing attacks hitting private chats,Fox News,2026-04-16T15:23:38Z,business
Harmeet Dhillon: Semiautomatic Rifles Like the AR-15 'Are Protected by the Constitution',Breitbart News,2026-04-16T15:23:27Z,business
Saint Leo University Expands Online Graduate Programs for Florida Working Professionals,GlobeNewswire,2026-04-16T15:22:00Z,business
Precore Gold Completes Data Compilation and Readies for AI Driven Drill Target Identification at Their Lac Big-Rush Gold Property in Quebec,GlobeNewswire,2026-04-16T15:22:00Z,business
"Partners approve Hogan Lovells Cadwalader, a proposed $3.6B global firm",Abajournal.com,2026-04-16T15:22:00Z,business
Former MSNBC Host Brian Williams to Join Netflix With Interview Podcast: ‘The Perfect Home’,Mediaite,2026-04-16T15:20:08Z,business
"Foundation, a Prominent NFT Platform of the 2021 Boom, Shuts Down After Failed Sale",ARTnews,2026-04-16T15:18:46Z,business
Netflix Enlists Brian Williams for New Podcast ‘We’re Back!’,Variety,2026-04-16T15:17:57Z,business
"HSBC Reduces to Hold from Buy on NIKE, Inc. (NKE)",Yahoo Entertainment,2026-04-16T15:17:48Z,business
Spencer Pratt’s LA mayoral bid backed by Joe Rogan: ‘I’m rooting for you’,The-independent.com,2026-04-16T15:15:01Z,business
"Quaint Oak Bancorp, Inc. Declares Quarterly Cash Dividend",GlobeNewswire,2026-04-16T15:15:00Z,business
"Heritage Signs & Displays Strengthens Washington DC Leadership with Arlington, VA Expansion",Associated Press,2026-04-16T15:11:16Z,business
"Temporary Foreign Worker Permits for Truckers More Than Quadruple, Study Finds",Financial Post,2026-04-16T15:10:32Z,business
The U.S. Imports 95% of Its Uranium. One Nasdaq-Listed Newcomer is the Largest Conventional Deposit in the Country,GlobeNewswire,2026-04-16T15:08:00Z,business
"Walmart Deepens Commitment to Massachusetts, Fueling Long-Term Impact and Future Statewide Investments",Associated Press,2026-04-16T15:06:40Z,business
Pragmata PC performance tested: 18 GPUs take us to the Moon,Tom's Hardware UK,2026-04-16T15:06:07Z,business
Rogers Sugar Inc.: Conference Call – 2nd Quarter 2026 Results,Financial Post,2026-04-16T15:05:18Z,business
NPR receives two of its largest ever gifts: $80M for innovation in use of digital tech and $33M to build and buy tools to be shared with US public media orgs (David Folkenflik/NPR),Mediagazer.com,2026-04-16T15:05:00Z,business
Rumble Stock Rockets 18 Percent as Video Platform Launches Exchange Offer for AI Powerhouse Northern Data,Ibtimes.com.au,2026-04-16T15:02:13Z,business
Howe's future at a 'crossroads' as Newcastle's transfer priorities revealed,Sky Sports,2026-04-16T15:02:00Z,business
Schneider Electric unveils next generation agentic manufacturing capabilities powered by Microsoft Azure AI at Hannover Messe 2026,Financial Post,2026-04-16T15:01:24Z,business
Brian Williams Returns: Former Anchor Launching NETFLIX Podcast...,Hollywood Reporter,2026-04-16T15:00:13Z,business
BLUETTI Launches FridgePower on Kickstarter to Address Rising Power Outages in Canada,Financial Post,2026-04-16T15:00:10Z,business
"Gemini Space Station, Inc. (GEMI) Class Action Lawsuit Seeks Recovery for Investors; May 15, 2026, Deadline - Contact Kessler Topaz Meltzer & Check, LLP",GlobeNewswire,2026-04-16T15:00:00Z,business
"Adobe 拷 (Acrobat / Acrobat Reader, InDesign, InCopy, Experience Manager Screens, FrameMaker, Connect, ColdFusion, Bridge, Photoshop, DNG SDK, Illustrator) (Adobe, 2026.04.14)",Ryukoku.ac.jp,2026-04-16T15:00:00Z,business
"(techK / note, 2025.12.22) ゃShell ...",Ryukoku.ac.jp,2026-04-16T15:00:00Z,business
Scott Galloway’s ‘Prof G Markets’ Set for National Tour | Exclusive,TheWrap,2026-04-16T15:00:00Z,business
Miss Succession? Brian Cox's new movie Glenrothan will make you rethink dysfunctional family dynamics all over again — and is a world away from Waystar Royco,TechRadar,2026-04-16T15:00:00Z,business
"Chrome 147 Stable Channel Update for Desktop (Google, 2026.04.15)",Ryukoku.ac.jp,2026-04-16T15:00:00Z,business
Last Words from the Late Vivian Connell,Dianeravitch.net,2026-04-16T15:00:00Z,business
羇腥帥温恰賢援菴х箴茯翠膓 (若 4/16) c若ー攻菴処掘 ...,Ryukoku.ac.jp,2026-04-16T15:00:00Z,business
"2026 綛4 禹礇絅磧彜羂 (Microsoft, 2026.04.14)",Ryukoku.ac.jp,2026-04-16T15:00:00Z,business
"(The War Zone, 4/16)「紂 30mm 罘牙 XM ...",Ryukoku.ac.jp,2026-04-16T15:00:00Z,business
(2026.04.17) (various),Ryukoku.ac.jp,2026-04-16T15:00:00Z,business
GOP firebrand vows to strip Swalwell and Gonzales of lifetime taxpayer-funded benefits,Fox News,2026-04-16T14:58:07Z,business
Vampiro Reflects on His Amazing Career as He Gets Ready to Rock One Last Time,TVInsider,2026-04-16T14:54:34Z,business
Netflix earnings put focus back on basics as merger overhang clears,Financial Post,2026-04-16T14:53:23Z,business
Coventry Ranks #1 in 2025 Life Settlement League Table Report,Financial Post,2026-04-16T14:50:00Z,business
"Jury finds Ticketmaster, Live Nation run monopoly",The Week Magazine,2026-04-16T14:49:39Z,business
IMF Slashes Growth Outlook for Gulf Oil States on Iran War Shock,Financial Post,2026-04-16T14:47:53Z,business
Trump's ceasefire crumbles as nuclear nightmare scenario remains imminent threat,Raw Story,2026-04-16T14:46:41Z,business
French Police Rescue Mother and Child After $400K Crypto Ransom Kidnapping,Decrypt,2026-04-16T14:46:38Z,business
5 ways to improve your AI brand visibility (Using Yoast AI Brand Insights),Yoast.com,2026-04-16T14:45:23Z,business
SmartCentres Declares Distribution for April 2026,Financial Post,2026-04-16T14:40:56Z,business
"Nolte: Mamdani Grocery Store Will Take 3 Years to Build, Cost Absurd $30M",Breitbart News,2026-04-16T14:39:13Z,business
'It's a lot of fun': Blackmagic just turned the Apple Watch into the ultimate remote for iPhone filming,TechRadar,2026-04-16T14:37:48Z,business
Is Donald Trump Trying to Create a Nuclear Narrative as His Escape Ramp from the War with Iran?,Globalresearch.ca,2026-04-16T14:37:24Z,business
California Schemin’: James McAvoy’s ‘assured’ directing debut is a ‘blast’,The Week Magazine,2026-04-16T14:35:58Z,business
"From Medicine to Marketing, Architecture to Advertising: A Diverse Cohort Graduates from MICA 2026  | Loktej Business News",Loktej.com,2026-04-16T14:35:24Z,business
"Super Micro Computer Shareholder Alert: ClaimsFiler Reminds Investors With Losses In Excess Of $100,000 Of Lead Plaintiff Deadline In Class Action Lawsuits Against Super Micro Computer, Inc. - SMCI",GlobeNewswire,2026-04-16T14:35:00Z,business
"An ancient Microsoft Excel security flaw could let hackers hijack your entire system, so patch now",TechRadar,2026-04-16T14:35:00Z,business
Field Notes: FedEx CFO Departs as Critical Loop Charges Up,WWD,2026-04-16T14:35:00Z,business
World has changed but our parents career advice has not: Bengaluru CEO questions uncle’s computer engineering only advice for Class 12 pass cousin,The Times of India,2026-04-16T14:33:51Z,business
Autodesk Donates $1.95 Million to Howard University and Celebrates the Opening of a New Makerspace,GlobeNewswire,2026-04-16T14:33:00Z,business
"NASDAQ: IBRX: Kessler Topaz Meltzer & Check, LLP Announces the Filing of a Securities Fraud Class Action Lawsuit Against ImmunityBio, Inc.",GlobeNewswire,2026-04-16T14:31:00Z,business
NBC and the NYT appear to be duped by a discredited technique: facilitated communication,Whyevolutionistrue.com,2026-04-16T14:30:48Z,business
Brian Williams to Host Netflix Interview Podcast Series ‘We’re Back!’,TheWrap,2026-04-16T14:29:47Z,business
US Says 13 Ships Turned Around Rather Than Test Blockade,Financial Post,2026-04-16T14:27:44Z,business
Trump List of Saved Projects Spares $5 Billion Hydrogen Hubs,Financial Post,2026-04-16T14:27:36Z,business
"Walmart Deepens Commitment to North Carolina, Fueling Long-Term Impact and Future Statewide Investments",Associated Press,2026-04-16T14:27:23Z,business
MS NOW Host Throws Fit Over Ukraine ‘Whistleblower’ Being Referred For Prosecution,The Daily Caller,2026-04-16T14:26:31Z,business
Canada’s Aurora Cannabis (ACB) Looks Overseas As Domestic Market Goes Up in Smoke,Yahoo Entertainment,2026-04-16T14:26:12Z,business
"Apple hits record recycled material use, eliminates plastic packaging",Cult of Mac,2026-04-16T14:25:56Z,business
"AI helped CIBC save 1.2 million hours, cut mortgage approval times at TD, CEOs say",Financial Post,2026-04-16T14:22:20Z,business
How to spot fake weight loss injections: Seven red flags to avoid,The-independent.com,2026-04-16T14:21:54Z,business
NMG Announces Closing of US$96.5 Million Equity Public Offering,Financial Post,2026-04-16T14:20:35Z,business
"What’s up with… Really Wireless, smartphones, VodafoneThree",TelecomTV,2026-04-16T14:20:30Z,business
Aehr Test Systems Stock Explodes 17 Percent on Massive $41 Million AI Chip Testing Order,Ibtimes.com.au,2026-04-16T14:19:41Z,business
NPR receives $113 million in charitable gifts,NPR,2026-04-16T14:18:37Z,business
The Pentagon Wants Automakers To Build Fewer Cars And More Weapons,Jalopnik,2026-04-16T14:18:04Z,business
Eurofins CDMO Alphora Announces Integration of Advanced Continuous Flow Technology in API Manufacturing,Financial Post,2026-04-16T14:10:42Z,business
Textron Aviation Expands High‑Speed Cabin Connectivity With Gogo 5G Upgrade for Cessna Citation Business Jets,Financial Post,2026-04-16T14:10:30Z,business
LAT Multilingual Announces Partnership with World Press Freedom Canada,Financial Post,2026-04-16T14:10:19Z,business
Angelo Stiller responds to Luke Littler’s “please come” to Man United plea,The Peoples Person,2026-04-16T14:10:00Z,business
Netflix Stock Dips Slightly Ahead of Crucial Q1 Earnings Report Expected to Show Strong Growth,Ibtimes.com.au,2026-04-16T14:07:56Z,business
IMF Sees Iran War Driving African Nations to Seek Greater Help,Financial Post,2026-04-16T14:07:20Z,business
"Republicans rip 4 blue states for keeping taxes on tips, overtime after Trump reprieve",Fox News,2026-04-16T14:05:32Z,business
SMU launches Longevity Societies and Economies Institute to advance knowledge and innovation for Singapore’s longevity transition,BusinessLine,2026-04-16T14:05:21Z,business
Trillion Energy International Inc. to Present at the Oil & Gas Virtual Investor Conference on April 16th,Financial Post,2026-04-16T14:04:17Z,business
Altus Group Recognized as “Data Solution of the Year for Real Estate” in 2026 Data Breakthrough Awards,Financial Post,2026-04-16T14:04:09Z,business
"How to invest when markets are reacting irrationally to a war, oil shocks and major uncertainty",Financial Post,2026-04-16T14:02:08Z,business
US Industrial Production Fell in March in Broad Decline,Financial Post,2026-04-16T14:01:59Z,business
Introducing Koog Integration for Spring AI: Smarter Orchestration for Your Agents,Jetbrains.com,2026-04-16T14:01:57Z,business
Former Disney teen star exposes chilling warning signs of predatory behavior in Hollywood,Fox News,2026-04-16T14:00:30Z,business
Russia plans to put nuclear weapons in orbit for 'space Pearl Harbor'...,Thetimes.com,2026-04-16T14:00:13Z,business
Sanitation access and satisfaction in northern Haiti: Insights from a quasi-census survey,Plos.org,2026-04-16T14:00:00Z,business
"“A Shortage Of Nearly Everything” Is Coming If The War Does Not End Soon – In South Korea, People Are Already Panic-Buying Trash Bags",Activistpost.com,2026-04-16T14:00:00Z,business
Awards for Irish television to be presented tonight,RTE,2026-04-16T15:25:45Z,entertainment
Read the memo from Disney's brand chief about why the marketing team got hit hard by layoffs,Business Insider,2026-04-16T15:23:49Z,entertainment
Roku hits a major milestone with 100 million users,The Verge,2026-04-16T15:14:46Z,entertainment
Apple and Google Continue to Offer 'Nudify' Apps that Use AI to Generate Deepfake Porn,Breitbart News,2026-04-16T15:02:20Z,entertainment
Samsung Galaxy Z Fold 8: July 22 Unpacked Date and London Venue,Geeky Gadgets,2026-04-16T15:00:39Z,entertainment
"PHOTOS: Our Room at This Famous Hotel Cost $2,000…And We TOTALLY Understand Why!",disneyfoodblog.com,2026-04-16T15:00:21Z,entertainment
Vampiro Reflects on His Amazing Career as He Gets Ready to Rock One Last Time,TVInsider,2026-04-16T14:54:34Z,entertainment
Victoria Beckham breaks silence on family feud with son Brooklyn and his wife Nicola Peltz,Fox News,2026-04-16T14:50:21Z,entertainment
It's Been 5 Years Since Daniel Craig's Bond Exit. Amazon Boss Just Spoke On Why His Successor Is Taking So Long,CinemaBlend,2026-04-16T14:50:05Z,entertainment
"Jury finds Ticketmaster, Live Nation run monopoly",The Week Magazine,2026-04-16T14:49:39Z,entertainment
"Celtics vs. 76ers schedule: Dates, times, TV channels, scores for 2026 NBA Playoffs first-round series",Sporting News,2026-04-16T14:39:32Z,entertainment
"Nolte: Mamdani Grocery Store Will Take 3 Years to Build, Cost Absurd $30M",Breitbart News,2026-04-16T14:39:13Z,entertainment
"From Medicine to Marketing, Architecture to Advertising: A Diverse Cohort Graduates from MICA 2026  | Loktej Business News",Loktej.com,2026-04-16T14:35:24Z,entertainment
Marina Bay Sands Room Tour: Is This Iconic Hotel Worth the Hype?,allears.net,2026-04-16T14:30:12Z,entertainment
John Mulaney Confirmed That Ridiculous Urinal Prank Will Forte Pulled At SNL,CinemaBlend,2026-04-16T14:29:29Z,entertainment
Hoda Kotb's 'Favorite Part' Of Savannah Guthrie's Today Return Has Me So Emotional,CinemaBlend,2026-04-16T14:16:05Z,entertainment
Netflix Stock Dips Slightly Ahead of Crucial Q1 Earnings Report Expected to Show Strong Growth,Ibtimes.com.au,2026-04-16T14:07:56Z,entertainment
Should You Watch Beef Season 2? The Info You Need In Under 100 Words,CinemaBlend,2026-04-16T14:05:00Z,entertainment
Beef Recap: Everyone Is Scamming,Vulture,2026-04-16T14:00:46Z,entertainment
Former Disney teen star exposes chilling warning signs of predatory behavior in Hollywood,Fox News,2026-04-16T14:00:30Z,entertainment
"Street Fighter's Trailer Is Epic, But 3 Game References Make Me Giddier Than The Rest",CinemaBlend,2026-04-16T13:51:40Z,entertainment
Why PR Experts And Social Media Stars Think Megan Fox Is Losing Out On Millions,CinemaBlend,2026-04-16T13:48:42Z,entertainment
'The AI Doc' director says ‘F*ck you’ to AI companies stealing artists’ IP,Mashable,2026-04-16T13:47:21Z,entertainment
"13 of the best Record Store Day 2026 releases, as picked by TechRadar — Pavement, Public Service Broadcasting and more",TechRadar,2026-04-16T13:46:27Z,entertainment
Investor Aaron Butler scoops up Lincoln Road site where Noble 33 plans restaurant,The Real Deal,2026-04-16T13:45:00Z,entertainment
GameStop Stock Holds Steady Near $24.73 as Cash Pile Fuels Acquisition Buzz in 2026,Ibtimes.com.au,2026-04-16T13:44:30Z,entertainment
Brandi Glanville ends up in urgent care after trying viral TikTok trend,Fox News,2026-04-16T13:35:47Z,entertainment
"Jim Cramer on Booking Holdings: “When the War Ends, I Think This Thing’s Going to Soar”",Yahoo Entertainment,2026-04-16T13:35:36Z,entertainment
I found a hidden live TV section on my smart TV that I'd been missing for years,MakeUseOf,2026-04-16T13:30:58Z,entertainment
‘Foreign investments in India should be 100 times more’,BusinessLine,2026-04-16T13:30:57Z,entertainment
OneCoin’s fallout lingers as US victims get a shot at recovery,Cointelegraph,2026-04-16T13:28:01Z,entertainment
Business News | Savills India Earns Great Place to Work Certification 2026; Recognised Among India's Best Workplaces in Health & Wellness,LatestLY,2026-04-16T13:22:58Z,entertainment
Survivor Producers Need To Understand Why Fans Hated One Big Twist And Loved The Other,CinemaBlend,2026-04-16T13:15:46Z,entertainment
Netflix reveals first image and 2027 release window for Charlie Vs. the Chocolate Factory — and it'll put a deliciously sour twist on Roald Dahl's classic tale,TechRadar,2026-04-16T13:15:38Z,entertainment
Victory+ Brings Dallas Cowboys Content to Fans for Free in Major Multi-Year Streaming Partnership,Financial Post,2026-04-16T13:09:58Z,entertainment
'Lee Cronin's The Mummy' Review: A Family Under Threat From Within,Hollywood Reporter,2026-04-16T13:00:43Z,entertainment
From the Archive: Looking Back at the 1970s Nostalgic Festival Footwear Style,WWD,2026-04-16T13:00:00Z,entertainment
Marvel Looking For A Talent Relations Co-Ordinator… What's Going On?,Bleeding Cool News,2026-04-16T12:59:11Z,entertainment
"How Drunk Does Seth Meyers Get During Those Day Drinking Segments? (Plus, The Secret To Those Hangovers)",CinemaBlend,2026-04-16T12:50:06Z,entertainment
Shannon Elizabeth is Joining OnlyFans on Heels of Divorce Filing,The Hollywood Gossip,2026-04-16T12:46:37Z,entertainment
"Study explores how and why US teens use TikTok, Instagram and Snapchat",Music Ally,2026-04-16T12:30:00Z,entertainment
Shoot of a popular film sequel begins on auspicious occasion of Poila Boishakh,The Times of India,2026-04-16T12:20:18Z,entertainment
Fraud is on the rise. Blame AI,USA Today,2026-04-16T12:17:18Z,entertainment
Jun-yeol Ryu to Star in Netflix Live-Action Series Adaptation of Webtoon G'day,Anime News Network,2026-04-16T12:15:00Z,entertainment
K-Pop’s ‘Big Four’ to collaborate on Fanomenon music festival,Music Ally,2026-04-16T12:15:00Z,entertainment
"DraftKings Announces Intent to Launch Online Sportsbook and Casino in Alberta, Canada",Financial Post,2026-04-16T12:08:30Z,entertainment
The Brutal Critique Christopher Nolan Got ‘Anonymously’ When Interstellar Came Out,CinemaBlend,2026-04-16T12:03:46Z,entertainment
Rogers Expands Satellite-to-Mobile Coverage to the U.S.,Financial Post,2026-04-16T12:02:47Z,entertainment
Asus TUF Gaming A14 (2026) review: Big CPU power in a mispriced gaming laptop,Tom's Hardware UK,2026-04-16T12:00:00Z,entertainment
Style and Decor. Il momento in cui l'estetica personale e le tendenze si incontrano. DECOR INSPIRATION.,Coolchicstylefashion.com,2026-04-16T12:00:00Z,entertainment
Crunchyroll Brings Chainsaw Man Voice Actor Kikunosuke Toya to Thailand,Anime News Network,2026-04-16T12:00:00Z,entertainment
"I Didn't Expect The Floor To Last This Long, But I Am Glad It Did",CinemaBlend,2026-04-16T12:00:00Z,entertainment
"Iran War timeline continues to shift. And, jury rules Live Nation acted as monopoly",NPR,2026-04-16T11:59:11Z,entertainment
Thelma & Louise musical set for world premiere at London theatre,The-independent.com,2026-04-16T11:47:48Z,entertainment
Anonymous perps behind 86 million files scraped from Spotify hit with $322 million court judgement — Anna's Archive case presents intriguing precedent for AI training,Tom's Hardware UK,2026-04-16T11:40:00Z,entertainment
Re:ZERO -Starting Life in Another World- Season 4 ‒ Episodes 1-2,Anime News Network,2026-04-16T11:30:00Z,entertainment
"Laughter Chefs 3: Sunita Ahuja reacts to ending her family feud with Krushna Abhishek and Kashmera Shah; says, “Waqt ka kya bharosa, raat toh soye, pata nahi subah uthenge ke nahi”",The Times of India,2026-04-16T11:28:31Z,entertainment
Spotify just won $322 million from music pirates it can’t find,The Verge,2026-04-16T11:27:42Z,entertainment
The Warrior Princess and the Barbaric King,Anime News Network,2026-04-16T11:25:24Z,entertainment
Ex-Sony Exec Comments on Game Pass,IGN,2026-04-16T11:24:29Z,entertainment
Internal Supreme Court tensions spill into public view,Yahoo Entertainment,2026-04-16T11:02:35Z,entertainment
Historic Israel-Lebanon talks to take place for first time in decades and more top headlines,Fox News,2026-04-16T10:52:24Z,entertainment
"Gianni Infantino confirms first-ever FIFA World Cup final halftime show for 2026 inspired by NFL Super Bowl, Coldplay’s Chris Martin to curate mega event",The Times of India,2026-04-16T10:51:33Z,entertainment
Beef season 2 is the dumbest new Netflix show in years — but I can't stop laughing at these wildly inappropriate cultural Easter eggs,TechRadar,2026-04-16T10:51:14Z,entertainment
"""Couples Therapy"" Season Five Premieres Friday, May 15, Exclusively on Paramount+",Thefutoncritic.com,2026-04-16T10:01:00Z,entertainment
"Prince Harry, Meghan Markle blasted for ‘faux royal tour’ as experts accuse couple of exploiting titles",Fox News,2026-04-16T10:00:20Z,entertainment
"A Burning House, a Quiet Media, a Silenced Majority",Thenation.com,2026-04-16T09:50:00Z,entertainment
YMU Signs Presenter & Podcaster Vogue Williams,Deadline,2026-04-16T09:30:00Z,entertainment
Warner Bros. Files Criminal Complaint Against Chilean IPTV Operator Over “Alarming” Piracy Growth,Torrentfreak.com,2026-04-16T09:08:42Z,entertainment
"Neil Patrick Harris, Tituss Burgess and Ellie Kemper to Star in Forthcoming Mo Willems Children's Book Adaptions for Paramount+",Thefutoncritic.com,2026-04-16T09:01:00Z,entertainment
"Trump hits key battlegrounds to sell tax cuts, boost GOP ahead of midterms",Fox News,2026-04-16T09:00:42Z,entertainment
"A survey of US teens: ~90% say entertainment is a reason they use TikTok, Instagram, or Snapchat, 57% Snapchat message daily, and 37% say TikTok impacts sleep (Pew Research Center)",Mediagazer.com,2026-04-16T08:55:01Z,entertainment
Dr. Oz says Trump thinks diet soda ‘must kill cancer cells’,Headtopics.com,2026-04-16T08:43:07Z,entertainment
IEA chief Birol named sole Turkish figure on Time’s most influential list,Hurriyet Daily News,2026-04-16T08:34:24Z,entertainment
"""SkyMed"" Season 4 Takes Flight May 21 on Paramount+",Thefutoncritic.com,2026-04-16T08:30:00Z,entertainment
Beef Season-Premiere Recap: Mind Games,Vulture,2026-04-16T08:00:09Z,entertainment
How A Convicted Sex Offender Tricked His Way Through The World Of UK Theater: “I Was Terrified Of Him Because Of The Level Of Betrayal”,Deadline,2026-04-16T08:00:00Z,entertainment
Samsung adds Kings of Comedy to Samsung TV Plus in India,SamMobile,2026-04-16T07:30:19Z,entertainment
Hunger Games actor Ethan Jamieson arrested for alleged assault with intent to kill,The-independent.com,2026-04-16T07:17:10Z,entertainment
"Where to watch LOVB championship: Schedule, times, channel, live stream for 2026 volleyball finals",Sporting News,2026-04-16T07:00:02Z,entertainment
How Professors Shaped Some of Last Year’s Biggest Films and Television,Inside Higher Ed,2026-04-16T07:00:00Z,entertainment
"Trump to promote tax breaks in Las Vegas, where residents feel the pinch",Abcnews.com,2026-04-16T06:15:26Z,entertainment
"Perché non ci piacciono le regole, ma non ci piace nemmeno sbagliare. E soprattutto ci piace brillare. DAILY INSPIRATION.",Coolchicstylefashion.com,2026-04-16T06:15:00Z,entertainment
"Oasis’ Comeback Outing Wins ‘Major Tour of the Year’ Prize at Pollstar Awards, as Kendrick Lamar/SZA, Benson Boone and the Weeknd Also Score Top Honors",Variety,2026-04-16T06:07:25Z,entertainment
Atlanta's first open container district launches in South Downtown ahead of World Cup,CBS News,2026-04-16T06:00:40Z,entertainment
"Seven Seas Launches 'Yes, No, or Maybe?' Audiobook for Siren Imprint",Anime News Network,2026-04-16T05:56:58Z,entertainment
Crunchyroll to Bring 'Re:ZERO -Starting Life in Another World-' Sason 3 on Blu-Ray™ July 28,Anime News Network,2026-04-16T05:56:47Z,entertainment
China’s Parallel Web Behind the Wall | Vale.Rocks,Vale.rocks,2026-04-16T05:47:02Z,entertainment
"Trump to promote tax breaks in Las Vegas, where residents feel the pinch of high gas prices",Abcnews.com,2026-04-16T04:57:07Z,entertainment
"Trump to promote tax breaks in Las Vegas, where residents feel the pinch of high gas prices",Abcnews.com,2026-04-16T04:56:45Z,entertainment
Darby Allin's AEW Title Win Is Tony Khan's Worst Attack on WWE Yet,Bleeding Cool News,2026-04-16T04:04:10Z,entertainment
"Rewards App Faces Data Broker Accusations; Apple Loves Advertising, Apparently",AdExchanger,2026-04-16T04:03:43Z,entertainment
AIX26: Air Canada commences flying with Panasonic Astrova,Boardingarea.com,2026-04-16T03:55:11Z,entertainment
Popular Crime TV Show Renewed for Season 2 at CBS,ComingSoon.net,2026-04-16T03:46:34Z,entertainment
Beloved Baywatch Actor Returns for Fox’s Reboot Series,ComingSoon.net,2026-04-16T03:45:03Z,entertainment
The Valley Recap: Why 2K?,Vulture,2026-04-16T02:54:54Z,entertainment
Survivor Recap: Double Trouble,Vulture,2026-04-16T02:54:45Z,entertainment
Marvel’s Kryptonite = Gavin Newsom and wokeness,New York Post,2026-04-16T02:51:34Z,entertainment
REPORT: Nearly 200 Dead In ‘World’s Largest Water Fight’,The Daily Caller,2026-04-16T15:31:05Z,health
Pope Leo XIV in Cameroon says ‘the time has come’ to rebuild peace,Ewtnnews.com,2026-04-16T15:30:28Z,health
“Most Trolled Person In The Entire World”: Meghan Markle’s Comments About Online Bullying Spark Backlash,Boredpanda.com,2026-04-16T15:29:52Z,health
Google Faces EU Order to Share Search Data With Rivals,pymnts.com,2026-04-16T15:28:23Z,health
Saint Leo University Expands Online Graduate Programs for Florida Working Professionals,GlobeNewswire,2026-04-16T15:22:00Z,health
Ex-PlayStation boss says Microsoft is 'trying so hard to will' Xbox Game Pass 'into health' and suggests 'a clarifying post mortem would do the entire industry some good',TechRadar,2026-04-16T15:18:48Z,health
RFK Jr. will remake panel that determines which preventative services insurers must cover (Carmen Paun/Politico),Memeorandum.com,2026-04-16T15:15:00Z,health
(VIDEO) Former Virginia Lt. Gov. Justin Fairfax Kills Wife Then Himself in Murder-Suicide Amid Messy Divorce,Ibtimes.com.au,2026-04-16T15:10:01Z,health
Tiger Woods' attorney fights subpoena for prescription drug records in DUI case: reports,Fox News,2026-04-16T15:05:21Z,health
"Clavicular Commits To Sobriety, Quits Livestreaming After On-Camera Overdose",The Daily Caller,2026-04-16T15:03:32Z,health
"Death rate in immigration detention has reached a 22-year-high, raising physicians' concerns",NBC News,2026-04-16T15:02:24Z,health
"In Mamdani’s NYC, sewer socialism is out. Pothole politics is in.",Gothamist,2026-04-16T15:01:06Z,health
Last Words from the Late Vivian Connell,Dianeravitch.net,2026-04-16T15:00:00Z,health
The Infrastructure Play Hiding in Plain Sight Across Cardiac Care,GlobeNewswire,2026-04-16T15:00:00Z,health
"Patriots links 4/16/26: Finding prospect fits: S, OT, LB, ST",Pats Pulpit,2026-04-16T14:50:01Z,health
"Fast-food chain rejects tech trends, doubles down on in-person service",Fox News,2026-04-16T14:47:15Z,health
French Police Rescue Mother and Child After $400K Crypto Ransom Kidnapping,Decrypt,2026-04-16T14:46:38Z,health
Man kills sister’s harasser in WS,The Times of India,2026-04-16T14:46:25Z,health
Kathmandu district Red Cross wraps up first aid training in 6 wards,Peoplesreview.com.np,2026-04-16T14:40:43Z,health
"ImmunityBio Shareholder Alert: ClaimsFiler Reminds Investors With Losses In Excess Of $100,000 Of Lead Plaintiff Deadline In Class Action Lawsuit Against ImmunityBio, Inc. - IBRX",GlobeNewswire,2026-04-16T14:40:00Z,health
Exclusive Poll: Three-Quarters of Voters Support Rolling Back FICO Fees for Credit Score Reports,Breitbart News,2026-04-16T14:38:57Z,health
"Purisaki Berberine Patches 2026 | Effective Weight Loss For Women Lose 12+ lbs per Month Read Benefits, Ingredients, Side Effects, Lunch in USA.",GlobeNewswire,2026-04-16T14:34:00Z,health
Lead contamination crisis exposed in public parks across major southern city,Fox News,2026-04-16T14:32:45Z,health
NBC and the NYT appear to be duped by a discredited technique: facilitated communication,Whyevolutionistrue.com,2026-04-16T14:30:48Z,health
Ken Jennings addresses future on Jeopardy — and the truth about controversial final question that broke 74-win streak,The-independent.com,2026-04-16T14:23:50Z,health
Apple Starts Laying The Groundwork For Its iOS 27 AI Revamp As 4 Features Get Leaked,Wccftech,2026-04-16T14:23:14Z,health
Eagles News: Good perspective on the A.J. Brown situation,Bleeding Green Nation,2026-04-16T14:21:22Z,health
Dubai Health Joins iHope as First Laboratory Partner in the Middle East,Associated Press,2026-04-16T14:21:19Z,health
"Doping is a ‘big problem’ in India, global anti-doping body chief says",Al Jazeera English,2026-04-16T14:16:14Z,health
How Important Is Sleep? Rory McIlroy Had a 92 Sleep Score Before His Masters Repeat.,menshealth.com,2026-04-16T14:13:58Z,health
Samsung SmartThings gets Now Brief integration,GSMArena.com,2026-04-16T14:13:02Z,health
Kennedy returns to Capitol Hill with clout diminished - Axios,Slashdot.org,2026-04-16T14:12:43Z,health
Eurofins CDMO Alphora Announces Integration of Advanced Continuous Flow Technology in API Manufacturing,Financial Post,2026-04-16T14:10:42Z,health
5 reasons Apple’s ecosystem is almost impossible to leave,Cult of Mac,2026-04-16T14:08:28Z,health
SMU launches Longevity Societies and Economies Institute to advance knowledge and innovation for Singapore’s longevity transition,BusinessLine,2026-04-16T14:05:21Z,health
"Adam Hughes, Cancelling Store Signings & Appearances After Diagnosis",Bleeding Cool News,2026-04-16T14:04:09Z,health
Beef Recap: Everyone Is Scamming,Vulture,2026-04-16T14:00:46Z,health
FEMINIST 250: ‘Founding Feminists’ Public Syllabus,Ms. Magazine,2026-04-16T14:00:00Z,health
Genomic diversity analysis enables development of pan-Dengue Toehold RNA sensors,Plos.org,2026-04-16T14:00:00Z,health
Sanitation access and satisfaction in northern Haiti: Insights from a quasi-census survey,Plos.org,2026-04-16T14:00:00Z,health
Burden of antimicrobial resistance in culture-confirmed Salmonella Typhi isolates in India from 1977 to 2024: A systematic review and meta-analysis,Plos.org,2026-04-16T14:00:00Z,health
Why Iran Is Determined to Protect Hezbollah in Any Peace Deal,OilPrice.com,2026-04-16T14:00:00Z,health
"Designing, implementing and embedding transformation-focused evaluation: A framework and insights from a regional food system change initiative",Plos.org,2026-04-16T14:00:00Z,health
"Habitat Services workers in Toronto join the United Steelworkers, strengthening their voice in the social service sector",Financial Post,2026-04-16T13:59:07Z,health
Alphabet Stock Dips Slightly to $333.97 as Investors Await Q1 Earnings and Massive AI Spending,Ibtimes.com.au,2026-04-16T13:55:34Z,health
Colorado Senate Bill Would Overhaul Marijuana Taxes and Shift Testing Oversight to Public Health,Themarijuanaherald.com,2026-04-16T13:52:38Z,health
"From Venezuela to Iran, major operations have kept US Navy supercarrier USS Gerald R. Ford away from home for almost 10 months",Business Insider,2026-04-16T13:51:52Z,health
"In a memo, Condé Nast CEO Roger Lynch says Self magazine is shutting down and its health and wellness content will be integrated into brands like Allure (Emily Sundberg/@emily_sundberg)",Mediagazer.com,2026-04-16T13:50:03Z,health
Chargers Daily Links: Thursday Open Thread,Bolts From The Blue,2026-04-16T13:50:00Z,health
Fantasy Baseball Today: Rankings remain steady but Sal Stewart's breakout forces rise up the boards,CBS Sports,2026-04-16T13:47:21Z,health
AMA: Clinician burnout in specialties persists as overall rates drop,Techtarget.com,2026-04-16T13:46:00Z,health
"Shahmir Khan wants to address mental health issues, burnout & anxiety",The Times of India,2026-04-16T13:44:10Z,health
Kanye West ‘TRAUMATIZED’ … OVER THE SIZE OF PETE DAVIDSON’S MANHOOD!,Showbiz Cheat Sheet,2026-04-16T13:42:50Z,health
"Parents, teachers back tougher stance on school bullying, but doubts remain over impact",CNA,2026-04-16T13:38:25Z,health
"Dow Jones Hits 48,592 Amid Iran Ceasefire Hopes as Markets Eye Diplomatic Breakthrough",Ibtimes.com.au,2026-04-16T13:36:28Z,health
Brandi Glanville ends up in urgent care after trying viral TikTok trend,Fox News,2026-04-16T13:35:47Z,health
‘Hit a homer for him’: Dalton Rushing fulfills Shohei Ohtani’s request as Dodgers DH,New York Post,2026-04-16T13:29:23Z,health
Business News | Savills India Earns Great Place to Work Certification 2026; Recognised Among India's Best Workplaces in Health & Wellness,LatestLY,2026-04-16T13:22:58Z,health
"Fullscript Journeys Launches, Putting 125,000 Providers Back at the Center of the DTC Health Boom",Financial Post,2026-04-16T13:19:32Z,health
TCS declares Nashik WFH; Wipro Q4 results,The Times of India,2026-04-16T13:17:57Z,health
"Astrana Health, Inc. (NASDAQ:ASTH) Given Average Rating of ""Moderate Buy"" by Analysts",MarketBeat,2026-04-16T13:17:16Z,health
Mental health parity remains elusive in 43 states,Techtarget.com,2026-04-16T13:14:00Z,health
Former Virginia Lt. Gov. Justin Fairfax And His Wife Dead In Murder-Suicide,HuffPost,2026-04-16T13:05:14Z,health
"Thursday, April 16, 2026",Kffhealthnews.org,2026-04-16T13:05:05Z,health
"ThreatsDay Bulletin: Defender 0-Day, SonicWall Brute-Force, 17-Year-Old Excel RCE and 15 More Stories",Internet,2026-04-16T13:05:00Z,health
The Quiet Shift Replacing Million-Dollar Heart Scanners With Software,Financial Post,2026-04-16T13:03:31Z,health
"Philips receives FDA 510(k) clearance for Verida, the world’s first AI-powered detector-based spectral CT*, advancing diagnostic precision across clinical applications",Financial Post,2026-04-16T13:03:09Z,health
Asian enrollment at Johns Hopkins is skyrocketing. No one can say why.,Freerepublic.com,2026-04-16T13:01:58Z,health
JD Vance Suspends 447 More Hospices in L.A. in Ongoing Battle Against Fraud,Legalinsurrection.com,2026-04-16T13:00:40Z,health
"Philips receives FDA 510(k) clearance for Verida, the world’s first AI-powered detector-based spectral CT*, advancing diagnostic precision across clinical applications",GlobeNewswire,2026-04-16T13:00:00Z,health
The workers at the world’s largest library association have a story they want to tell,Chicago Reader,2026-04-16T13:00:00Z,health
"Whoop is moving beyond wearables to test your blood, integrating the results with its AI-powered app — and its latest evolution is smarter than ever",TechRadar,2026-04-16T13:00:00Z,health
Republicans/Absolute Freaks Want To Make Teen Pregnancy Great Again,Wonkette.com,2026-04-16T12:55:59Z,health
Toxic Gas-Emitting Plants Get Pollution Reprieve Under Trump,Insurance Journal,2026-04-16T12:52:18Z,health
"Students expect their university will mishandle sexual misconduct, if they ever report it",The Conversation Africa,2026-04-16T12:46:29Z,health
"""Into the Wood Chipper"": Whistleblower's Inside Story of DOGE Shredding USAID, 14 Million May Die",Democracy Now!,2026-04-16T12:46:22Z,health
"DarkPulse, Inc. to Present at the Oil & Gas Virtual Investor Conference April 16th",Financial Post,2026-04-16T12:37:33Z,health
The Lewis dynasty makes a third bid to shape democratic socialism in Canada,The Conversation Africa,2026-04-16T12:34:54Z,health
Cority Wins Two E+E Leader Awards for AI Compliance and Emissions Innovation,Financial Post,2026-04-16T12:32:36Z,health
"Study explores how and why US teens use TikTok, Instagram and Snapchat",Music Ally,2026-04-16T12:30:00Z,health
Synching workouts to natural body clock may help maximize heart health benefits,Medical News Today,2026-04-16T12:17:00Z,health
Good news for Canada's World Cup team as Alphonso Davies looking stronger each game in return from injury,CBC News,2026-04-16T12:15:31Z,health
Can Eye Makeup Harm Your Eyes? What to Know and Safer Alternatives,Women's Health,2026-04-16T12:03:55Z,health
Wellcome Leap Announces $2 Million Prize in $50 Million Quantum for Bio Challenge Program,Financial Post,2026-04-16T12:02:34Z,health
"Indonesia certifies 13,576 MBG kitchens, eyes completion by August",Antaranews.com,2026-04-16T12:01:04Z,health
5 new podcasts to listen to this week,The-independent.com,2026-04-16T15:18:40Z,science
"Science Slot, Arteta On Fire, Orban Lit, McClean Media, Dub Doubt - 16/04/26",Acast.com,2026-04-16T15:02:15Z,science
Miss Succession? Brian Cox's new movie Glenrothan will make you rethink dysfunctional family dynamics all over again — and is a world away from Waystar Royco,TechRadar,2026-04-16T15:00:00Z,science
Graham Platner Apologizes for Using the R-Word,Mother Jones,2026-04-16T14:37:00Z,science
"Purisaki Berberine Patches 2026 | Effective Weight Loss For Women Lose 12+ lbs per Month Read Benefits, Ingredients, Side Effects, Lunch in USA.",GlobeNewswire,2026-04-16T14:34:00Z,science
World has changed but our parents career advice has not: Bengaluru CEO questions uncle’s computer engineering only advice for Class 12 pass cousin,The Times of India,2026-04-16T14:33:51Z,science
Autodesk Donates $1.95 Million to Howard University and Celebrates the Opening of a New Makerspace,GlobeNewswire,2026-04-16T14:33:00Z,science
Astronomers measure the mind-blowing power and speed of black hole jets for the first time - AP News,Slashdot.org,2026-04-16T14:32:08Z,science
Iran war: US ready to attack if no Iran deal reached,DW (English),2026-04-16T14:32:00Z,science
NBC and the NYT appear to be duped by a discredited technique: facilitated communication,Whyevolutionistrue.com,2026-04-16T14:30:48Z,science
Eagles News: Good perspective on the A.J. Brown situation,Bleeding Green Nation,2026-04-16T14:21:22Z,science
Generative AI in the Real World: Aishwarya Naresh Reganti on Making AI Work in Production,Oreilly.com,2026-04-16T14:03:20Z,science
Genomic diversity analysis enables development of pan-Dengue Toehold RNA sensors,Plos.org,2026-04-16T14:00:00Z,science
Burden of antimicrobial resistance in culture-confirmed Salmonella Typhi isolates in India from 1977 to 2024: A systematic review and meta-analysis,Plos.org,2026-04-16T14:00:00Z,science
FEMINIST 250: ‘Founding Feminists’ Public Syllabus,Ms. Magazine,2026-04-16T14:00:00Z,science
A computer without electricity? Mechanical computing concept 'could help improve people's lives' with all sorts of potential real-world uses,TechRadar,2026-04-16T13:36:04Z,science
"Astrana Health, Inc. (NASDAQ:ASTH) Given Average Rating of ""Moderate Buy"" by Analysts",MarketBeat,2026-04-16T13:17:16Z,science
Behold the Punny Titles of ‘Rick and Morty’ Season 9,Gizmodo.com,2026-04-16T13:00:01Z,science
Beyond Party Lines: Resonate Data Reveals What Actually Motivates 2026 Primary Voters and What Campaigns Need to Do About It,GlobeNewswire,2026-04-16T13:00:00Z,science
Fake banknotes mocked a US president. And are now worth thousands.,Popular Science,2026-04-16T13:00:00Z,science
Donald Clarke: A Greenland shark is the sort of chap you could go for a pint with,The Irish Times,2026-04-16T12:10:00Z,science
"DJI Osmo Pocket 4 won’t be available in the US officially, but XTRA MUSE 2 PRO Will",Geeky Gadgets,2026-04-16T12:04:24Z,science
Can Eye Makeup Harm Your Eyes? What to Know and Safer Alternatives,Women's Health,2026-04-16T12:03:55Z,science
Posthaste: Canada faces an entrepreneurial ‘drought’ as more businesses close than open,Financial Post,2026-04-16T12:00:45Z,science
A Diet High in These 3 Foods Can Reduce Heart Disease Risk,TODAY,2026-04-16T12:00:00Z,science
Thursday: Hili dialogue,Whyevolutionistrue.com,2026-04-16T11:45:59Z,science
"ACHIEVE-4, the longest Phase 3 study of Lilly's Foundayo (orforglipron) to date, reaffirmed its cardiovascular and overall safety profile as well as consistent improvements across key measures of cardiometabolic health",Crweworld.com,2026-04-16T11:30:40Z,science
"Helus Pharma Strengthens Medical Leadership by Appointing Dr. Ken Kramer as Senior Vice President, Medical Affairs",GlobeNewswire,2026-04-16T11:30:00Z,science
Inside That Weird Anti-Science Conference Where Trump’s EPA Chief Delivered the Keynote,Mother Jones,2026-04-16T11:30:00Z,science
How the American Oligarchy Went Hyperscale,Mother Jones,2026-04-16T11:00:00Z,science
"Creating Baby Geniuses to Thwart the AI Threat? (Yes, Really.)",Mother Jones,2026-04-16T11:00:00Z,science
Tech Billionaires Want Christians to Believe in AI,Mother Jones,2026-04-16T11:00:00Z,science
The Vivo X300 Ultra finally steps outside China with pre-order freebies,PhoneArena,2026-04-16T10:40:39Z,science
"This Is The Often Overlooked Cause Of Insulin Resistance (Nope, Not Sugar!)",mindbodygreen.com,2026-04-16T10:38:00Z,science
Desert Worlds in Habitable Zones Unlikely to Support Life Without Sufficient Surface Water,Spacewar.com,2026-04-16T10:25:55Z,science
Three-Body Exoplanet System TOI-201 Caught Changing Its Orbital Architecture in Real Time,Spacewar.com,2026-04-16T10:25:55Z,science
Sulfur Plays the Role of Oxygen in Mercury Magmas Reshaping How the Planet Formed,Spacewar.com,2026-04-16T10:25:55Z,science
BBC Science Focus editor Daniel Bennett says Apple News helped the title nearly double its editorial staff from six to 11 and reach 3M monthly page views (Alice Brooker/Press Gazette),Mediagazer.com,2026-04-16T10:10:01Z,science
A Joint Research Project With Université Laval Aims to Enable Aplantex to Increase Its Production of High-Value Molecules,Financial Post,2026-04-16T10:05:44Z,science
My surname makes people laugh. So I turned it into a research tool,The-independent.com,2026-04-16T10:03:20Z,science
Alycia Baumgardner is fighting for gender equality for women in the ring,NBC News,2026-04-16T10:00:41Z,science
"A Burning House, a Quiet Media, a Silenced Majority",Thenation.com,2026-04-16T09:50:00Z,science
1.3 bn people had liver disease globally in 2023: Lancet study,The Times of India,2026-04-16T09:31:02Z,science
​Who is Hungary’s Péter Magyar and how he overturned Viktor Orbán’s illiberal democracy,The Conversation Africa,2026-04-16T09:16:55Z,science
"2026 is the year payroll stacks break, and AI must grow up",TechRadar,2026-04-16T09:01:54Z,science
"House showdown: Democrat backed by Sanders, AOC faces Republican trying to flip blue-leaning district",Fox News,2026-04-16T09:00:19Z,science
The newest prediction markets guru is a middle schooler in braces,Business Insider,2026-04-16T09:00:02Z,science
The Blockheaded Thinking Behind Trump’s Plan for a Hormuz Blockade,Thenation.com,2026-04-16T09:00:00Z,science
American microbiologist behind global water safety breakthrough wins 2026 Lee Kuan Yew Water Prize,Associated Press,2026-04-16T08:52:43Z,science
IEA chief Birol named sole Turkish figure on Time’s most influential list,Hurriyet Daily News,2026-04-16T08:34:24Z,science
"What IBS, Vitamin D Deficiency & Diabetes Reveal About Brain Health",mindbodygreen.com,2026-04-16T08:31:00Z,science
OPINION: The Transphobia Of The Lesbian Action Group Will Not Save Them,Starobserver.com.au,2026-04-16T07:31:53Z,science
What we know about the cause and impact of the Viva Energy oil refinery fire,ABC News (AU),2026-04-16T07:10:42Z,science
How to tell if your dog is in pain and what to do if they are,ABC News (AU),2026-04-16T07:09:17Z,science
How Professors Shaped Some of Last Year’s Biggest Films and Television,Inside Higher Ed,2026-04-16T07:00:00Z,science
Xanadu Quantum Stock Surges 194% YTD: Buy the Photonic Computing Hype or Sell Before Reality Bites in 2026?,Ibtimes.com.au,2026-04-16T06:18:23Z,science
Deputy minister urges on-target strategy to close AI development gap,Antaranews.com,2026-04-16T06:16:00Z,science
"Study: Time-Restricted Eating Shows Weight Loss, Hormonal Benefits in Women with PCOS",Naturalnews.com,2026-04-16T06:00:00Z,science
Skeptical Science New Research for Week #16 2026,Skepticalscience.com,2026-04-16T05:23:40Z,science
"Galderma Launches New Alastin Regenerating Skin Nectar with TriHex+™, Powered by Its Next-Generation TriHex Technology® Regenerative Platform",Financial Post,2026-04-16T05:00:52Z,science
Computers go cyberpunk as Gen Z tricks out its own cyberdecks,The Week Magazine,2026-04-16T05:00:00Z,science
US Oil Exports Up A Few Million Barrels Per Day,Next Big Future,2026-04-16T04:47:00Z,science
British climbers complete new route in Swiss Alps,BBC News,2026-04-16T04:24:16Z,science
Terafab Equipment and Chip Orders,Next Big Future,2026-04-16T04:10:40Z,science
"Parkes Community: Incinerator project causes fear, mental health toll",Theland.com.au,2026-04-16T04:06:00Z,science
SpaceX Successfully Static Fires V3 Booster,Next Big Future,2026-04-16T03:49:12Z,science
Study Links Ultra-Processed Foods to Adolescent Obesity,Lifetechnology.com,2026-04-16T02:35:23Z,science
"CGTN: How China, Spain deepen ties amid global uncertainty",GlobeNewswire,2026-04-16T02:17:00Z,science
What Happens When Light Goes Boom? Part 1: The Scientist Who Stared at a Glow,Universe Today,2026-04-16T02:06:00Z,science
Yellowstone nearing eruption as new study finds magma brimming below the surface: scientists,Freerepublic.com,2026-04-16T02:03:00Z,science
Ethereum MACD Flashes Golden Cross—Price Surged 74%+ Last 3 Times,newsBTC,2026-04-16T02:00:41Z,science
Why is Tesla Up $28,Next Big Future,2026-04-16T01:55:24Z,science
GOP senator made emergency landing in jet owned by NASA chief he helped install,Raw Story,2026-04-16T01:47:11Z,science
Career tech programs take center stage at Montgomery Chamber ‘State of Schools’ event,WSFA,2026-04-16T00:56:28Z,science
South Dakota Neutrino Project At SURF Named 2026 Underground Project Of The Year,Kotatv,2026-04-16T00:00:00Z,science
The Unpublished Risk: Scientific Censorship and Lingering Questions on mRNA Vaccines,Shtfplan.com,2026-04-15T22:30:56Z,science
Path cleared for UTAS to sell Sandy Bay land for residential development,ABC News (AU),2026-04-15T22:10:38Z,science
California Dems in Disarray After Swalwell’s Exit,Daily Signal,2026-04-15T22:08:10Z,science
PROLLENIUM® Expands PACE with Launch of New Digital Training Portal,Financial Post,2026-04-15T22:04:10Z,science
"'Face lift' for Queensland dinosaur after discovery of 1,300 more bones",ABC News (AU),2026-04-15T21:55:41Z,science
"The alcohol crisis quietly hitting high-stress, “high-status” workers",Vox,2026-04-15T21:24:19Z,science
Retraction Watch testifies in Congressional hearing on scientific publishing,Retractionwatch.com,2026-04-15T21:00:42Z,science
Bayer Canada Supports New School of Medicine at Simon Fraser University (SFU) With Full Tuition Entrance Award for Inaugural Class,Financial Post,2026-04-15T20:42:43Z,science
"NVIDIA Will Be “Very, Very Large” Today Even If AI Didn’t Exist, Says CEO Jensen, But Also States He Would’ve Been Really Sad If There Was No AI",Wccftech,2026-04-15T20:00:07Z,science
The World Welcomes the Crew of Artemis II Home!,Universe Today,2026-04-15T19:54:49Z,science
'Maybe it’s not science fiction': Solar panels are causing rainwater to fall in one of the driest places on Earth,TechRadar,2026-04-15T19:45:00Z,science
Government responds after 'worst is yet to come' warning over fuel prices,LADbible,2026-04-15T19:39:44Z,science
Earth’s nighttime lights are getting more volatile — what does that mean?,Yale.edu,2026-04-15T19:30:27Z,science
"Scientists, fishers worried after long-spined urchin found on Tasmania's west coast",ABC News (AU),2026-04-15T19:14:24Z,science
4/22 7-8 AM GDC 3rd floor wireless maintenance outage,Utexas.edu,2026-04-15T19:06:25Z,science
Awards for Irish television to be presented tonight,RTE,2026-04-16T15:25:45Z,sports
Astros' $54M pitcher blames arm fatigue on struggle to adjust to American lifestyle,Fox News,2026-04-16T15:24:37Z,sports
Read the memo from Disney's brand chief about why the marketing team got hit hard by layoffs,Business Insider,2026-04-16T15:23:49Z,sports
UNC basketball named an early loser in transfer portal,USA Today,2026-04-16T15:19:08Z,sports
LIV Golf's remaining nine events are fully funded. What's left?,USA Today,2026-04-16T15:15:37Z,sports
"2027 4-star WR Julian Caldwell announces commitment date, Ducks in mix",USA Today,2026-04-16T15:14:37Z,sports
"Royals vs. Tigers prediction: Odds, recent stats, trends, and best bets for April 16",NBCSports.com,2026-04-16T15:07:35Z,sports
Tiger Woods' attorney fights subpoena for prescription drug records in DUI case: reports,Fox News,2026-04-16T15:05:21Z,sports
Howe's future at a 'crossroads' as Newcastle's transfer priorities revealed,Sky Sports,2026-04-16T15:02:00Z,sports
UCLA MBB Signs Two High School Recruits For 2026-27 Season,Lasportsreport.com,2026-04-16T15:00:00Z,sports
Match Preview: Brentford v Fulham,Brentfordfc.com,2026-04-16T15:00:00Z,sports
All Seasons of Alan Ritchson’s 8.3 IMDb Sitcom Are Leaving Netflix,ComingSoon.net,2026-04-16T15:00:00Z,sports
Vampiro Reflects on His Amazing Career as He Gets Ready to Rock One Last Time,TVInsider,2026-04-16T14:54:34Z,sports
"Patriots links 4/16/26: Finding prospect fits: S, OT, LB, ST",Pats Pulpit,2026-04-16T14:50:01Z,sports
"Celtics vs. 76ers schedule: Dates, times, TV channels, scores for 2026 NBA Playoffs first-round series",Sporting News,2026-04-16T14:39:32Z,sports
"From Medicine to Marketing, Architecture to Advertising: A Diverse Cohort Graduates from MICA 2026  | Loktej Business News",Loktej.com,2026-04-16T14:35:24Z,sports
“What we give doesn’t always return”: Sarah Jane Ramos sounds off after Dak Prescott split as custody talks stay peaceful,The Times of India,2026-04-16T14:32:02Z,sports
"U.S. Senator to introduce bill aimed at ending sports blackouts, making games easier to watch for fans",Yahoo Entertainment,2026-04-16T14:21:28Z,sports
"In Warriors’ win, Al Horford did ‘one of the most difficult things in sports’",New York Post,2026-04-16T14:19:09Z,sports
"Doping is a ‘big problem’ in India, global anti-doping body chief says",Al Jazeera English,2026-04-16T14:16:14Z,sports
Georgio Poullas just showed Arman Tsarukyan what their RAF rivalry bought him,Sporting News,2026-04-16T14:14:26Z,sports
FIFA ‘surprised’ by US backlash as transport costs skyrocket at World Cup,Al Jazeera English,2026-04-16T14:13:31Z,sports
MTA hiring for major infrastructure project in NYC,WPIX 11 New York,2026-04-16T14:10:08Z,sports
Angelo Stiller responds to Luke Littler’s “please come” to Man United plea,The Peoples Person,2026-04-16T14:10:00Z,sports
"Toronto Maple Leafs management dysfunction allegations reported cost cutting claims, management controversies and NHL trade uncertainty issues",The Times of India,2026-04-16T14:09:14Z,sports
Beef Recap: Everyone Is Scamming,Vulture,2026-04-16T14:00:46Z,sports
"How to watch Premier League Darts 2026 Rotterdam: Live stream, TV channel and schedule",Sporting News,2026-04-16T14:00:01Z,sports
Vancouver Canucks star Elias Pettersson’s wife Katelyn Pettersson shares grief after second miscarriage loss publicly amid Canucks NHL playoff season,The Times of India,2026-04-16T13:55:17Z,sports
Sheffield Wednesday's future depends on crucial next three weeks,Sky Sports,2026-04-16T13:52:00Z,sports
Chargers Daily Links: Thursday Open Thread,Bolts From The Blue,2026-04-16T13:50:00Z,sports
Why PR Experts And Social Media Stars Think Megan Fox Is Losing Out On Millions,CinemaBlend,2026-04-16T13:48:42Z,sports
Another Drug Boat Bombing,Reason,2026-04-16T13:38:37Z,sports
WATCH: Hegseth says Americans 'see the success' in Iran,PBS,2026-04-16T13:38:23Z,sports
Jeremy Swayman playing status update boosts Boston Bruins ahead of Buffalo Sabres NHL playoff series,The Times of India,2026-04-16T13:36:02Z,sports
"Cowboys Headlines: Draft trade buzz explodes, new uniforms for the ops",USA Today,2026-04-16T13:31:43Z,sports
I found a hidden live TV section on my smart TV that I'd been missing for years,MakeUseOf,2026-04-16T13:30:58Z,sports
LIV Golf 2026 Season Pushes Forward Despite Saudi Funding Uncertainty and Billions in Losses,Ibtimes.com.au,2026-04-16T13:30:36Z,sports
Business News | Savills India Earns Great Place to Work Certification 2026; Recognised Among India's Best Workplaces in Health & Wellness,LatestLY,2026-04-16T13:22:58Z,sports
LIV Golf leader says the show will go on amid reports of Saudi funding uncertainty,NBCSports.com,2026-04-16T13:20:32Z,sports
Hockey legend Wayne Gretzky chooses Connor McDavid ahead of Nikita Kucherov in NHL Hart Trophy race,The Times of India,2026-04-16T13:19:43Z,sports
"How to watch Aston Villa v Bologna, team news, predicted line-ups and more",Hayters.com,2026-04-16T13:10:00Z,sports
"How to watch Nottingham Forest v Porto, team news, predicted line-ups and more",Hayters.com,2026-04-16T13:10:00Z,sports
"How to watch Fiorentina v Crystal Palace, team news, predicted line-ups and more",Hayters.com,2026-04-16T13:10:00Z,sports
Victory+ Brings Dallas Cowboys Content to Fans for Free in Major Multi-Year Streaming Partnership,Financial Post,2026-04-16T13:09:58Z,sports
Ottawa Senators captain Brady Tkachuk injury update raises concerns ahead of NHL playoff series opener against Carolina Hurricanes,The Times of India,2026-04-16T13:03:01Z,sports
Paramount’s Upfront Pitch Is About Three Things,AdExchanger,2026-04-16T13:00:37Z,sports
"Cubs 11, Phillies 2: Shōta Imanaga dominates and Nico Hoerner drives in five",Bleed Cubbie Blue,2026-04-16T13:00:00Z,sports
TruGolf Reports Fourth Quarter and Full Year 2025 Results,GlobeNewswire,2026-04-16T13:00:00Z,sports
Where Wisconsin basketball ranks in early 2026-27 season projection,USA Today,2026-04-16T12:56:02Z,sports
Trump Makes Endorsement in Key House Race,Daily Signal,2026-04-16T12:50:22Z,sports
Disney Adults NEED to STOP Breaking this Magic Kingdom Rule,disneyfoodblog.com,2026-04-16T12:50:14Z,sports
"Angels vs. Yankees prediction: Odds, recent stats, trends, and best bets for April 16",NBCSports.com,2026-04-16T12:45:08Z,sports
White Sox longtime anthem singer collapses on field while performing Black national anthem,Fox News,2026-04-16T12:43:17Z,sports
Icon League star in exclusive interview: Ian Prescott's own path,Onefootball.com,2026-04-16T12:43:00Z,sports
"Beacon Software Acquires E2E Soccer, Expanding Its Soccer Platform to Be the Leading Integrated Solution for Canadian Leagues and Clubs",Financial Post,2026-04-16T12:38:32Z,sports
Viant Probably Wouldn’t Have Acquired TVision If It Hadn’t Bought IRIS.TV First,AdExchanger,2026-04-16T12:35:58Z,sports
"Today News Headlines for School Assembly, April 17, 2026: Women’s reservation debate, IPL 2026, IMF growth outlook, and CBSE announcements",The Indian Express,2026-04-16T12:29:04Z,sports
Mail: The Sussexes’ Oz tour is causing ‘a definite sense of irritation in royal circles’,Celebitchy.com,2026-04-16T12:25:20Z,sports
Official: Disney World Confirms Major Hotel Perks Returning in 2027 — Here’s Why You’ll Want to Stay On-Property!,Inside the Magic,2026-04-16T12:22:57Z,sports
"India’s doping problem serious but efforts sincere, says WADA chief Witold Banka",BusinessLine,2026-04-16T12:10:47Z,sports
Jets draft rumor from CBS Sports reveals favorite among 2 possible picks at No. 2,Sporting News,2026-04-16T12:09:44Z,sports
"DraftKings Announces Intent to Launch Online Sportsbook and Casino in Alberta, Canada",Financial Post,2026-04-16T12:08:30Z,sports
Crystal Palace predicted lineup and team news vs Fiorentina,The Football Faithful,2026-04-16T12:05:00Z,sports
Rogers Expands Satellite-to-Mobile Coverage to the U.S.,Financial Post,2026-04-16T12:02:47Z,sports
"Chicago Cubs news and notes — Wiggins, Horton, Hodge, Rea, Hoerner, Hartshorn, Kelly, Alcantara",Bleed Cubbie Blue,2026-04-16T12:00:00Z,sports
Sydney Sweeney’s Adult NSFW Series Wins Ongoing Streaming War,ComingSoon.net,2026-04-16T12:00:00Z,sports
"Caine Praises Sailors, Marines Enforcing Iran Blockade",Globalsecurity.org,2026-04-16T12:00:00Z,sports
2 Seasons of a Netflix Original To Leave & Become a Prime Video Exclusive,ComingSoon.net,2026-04-16T12:00:00Z,sports
Show HN: VPN vs. Proxy Safety Comparison (with leak testing tools),Examineip.com,2026-04-16T11:55:54Z,sports
"2026 Toyota Yaris Cross for Europe debuts – 1.5L NA 3-cylinder hybrid, up to 130 PS, new GR Sport variant",Paul Tan's Automotive News,2026-04-16T11:53:05Z,sports
Gov. Mikie Sherrill demands FIFA foot the bill for World Cup transportation after reports NJ Transit could inflate train tickets by 775%,Freerepublic.com,2026-04-16T11:43:28Z,sports
"One week out from the NFL Draft: Intel, rumors and what we're hearing",CBS Sports,2026-04-16T11:39:34Z,sports
"PREVIEW | Brentford vs Fulham - team news, lineups, predictions",Playmakerstats.com,2026-04-16T11:35:00Z,sports
The Hoddle of Coffee: Tottenham news and links for Thurs. April 15,SB Nation,2026-04-16T11:34:31Z,sports
Curry leads Warriors to comeback win over Clippers - NBA,Slashdot.org,2026-04-16T11:32:15Z,sports
Why foreign automakers dominate the sedan market,CNBC,2026-04-16T11:30:01Z,sports
"Live Nation Illegally Monopolized Ticketing Market, Jury in Antitrust Trial Finds",TODAY,2026-04-16T11:22:06Z,sports
Mets' Jorge Polanco injury news isn't good at all,Sporting News,2026-04-16T11:16:23Z,sports
Prep talk: School cellphone bans are forcing students to talk again,Yahoo Entertainment,2026-04-16T11:15:00Z,sports
Internal Supreme Court tensions spill into public view,Yahoo Entertainment,2026-04-16T11:02:35Z,sports
2027 Disney World Vacation Packages Are Now Open!,allears.net,2026-04-16T11:01:13Z,sports
SN Archive (2003): Michael Jordan's wasn't viewed as a winner... until this game,Sporting News,2026-04-16T11:00:02Z,sports
Tech Billionaires Want Christians to Believe in AI,Mother Jones,2026-04-16T11:00:00Z,sports
Historic Israel-Lebanon talks to take place for first time in decades and more top headlines,Fox News,2026-04-16T10:52:24Z,sports
"Gianni Infantino confirms first-ever FIFA World Cup final halftime show for 2026 inspired by NFL Super Bowl, Coldplay’s Chris Martin to curate mega event",The Times of India,2026-04-16T10:51:33Z,sports
"RBC Heritage 2026 tees off, boosting Hilton Head economy",WSAV-TV,2026-04-16T10:40:27Z,sports
MM 4.16: Kori Edmondson and Maddy Sterling selected in inaugural WLL Draft,Testudo Times,2026-04-16T10:30:00Z,sports
“Gonna eat that up”- Ryan Garcia confirms August showdown with Conor Benn on livestream in Las Vegas for WBC welterweight title defense,The Times of India,2026-04-16T10:10:22Z,sports
What is CBS Sports' bold prediction for the Sooners in 2026?,USA Today,2026-04-16T10:08:07Z,sports
“Most Trolled Person In The Entire World”: Meghan Markle’s Comments About Online Bullying Spark Backlash,Boredpanda.com,2026-04-16T15:29:52Z,technology
"Trump administration looks to Ford, GM in WWII-style weapons push: report",New York Post,2026-04-16T15:26:30Z,technology
New FBI warning reveals phishing attacks hitting private chats,Fox News,2026-04-16T15:23:38Z,technology
Precore Gold Completes Data Compilation and Readies for AI Driven Drill Target Identification at Their Lac Big-Rush Gold Property in Quebec,GlobeNewswire,2026-04-16T15:22:00Z,technology
S&P 500 Climbs to Fresh Record High Near 7038 as Tech Earnings Optimism Overshadows Geopolitical Risks,Ibtimes.com.au,2026-04-16T15:21:50Z,technology
"ABBYY, IBM & Red Hat announce DocLang, open source universal document format",ComputerWeekly.com,2026-04-16T15:16:28Z,technology
The U.S. Imports 95% of Its Uranium. One Nasdaq-Listed Newcomer is the Largest Conventional Deposit in the Country,GlobeNewswire,2026-04-16T15:08:00Z,technology
"Walmart Deepens Commitment to Massachusetts, Fueling Long-Term Impact and Future Statewide Investments",Associated Press,2026-04-16T15:06:40Z,technology
Apple and Google Continue to Offer 'Nudify' Apps that Use AI to Generate Deepfake Porn,Breitbart News,2026-04-16T15:02:20Z,technology
Rumble Stock Rockets 18 Percent as Video Platform Launches Exchange Offer for AI Powerhouse Northern Data,Ibtimes.com.au,2026-04-16T15:02:13Z,technology
Schneider Electric unveils next generation agentic manufacturing capabilities powered by Microsoft Azure AI at Hannover Messe 2026,Financial Post,2026-04-16T15:01:24Z,technology
The BLUETTI FridgePower — Real-World Review,CleanTechnica,2026-04-16T15:00:52Z,technology
Samsung Galaxy Z Fold 8: July 22 Unpacked Date and London Venue,Geeky Gadgets,2026-04-16T15:00:39Z,technology
The Infrastructure Play Hiding in Plain Sight Across Cardiac Care,Financial Post,2026-04-16T15:00:16Z,technology
BLUETTI Launches FridgePower on Kickstarter to Address Rising Power Outages in Canada,Financial Post,2026-04-16T15:00:10Z,technology
The Supreme Court Is Functioning Better Than You Think,Rolling Stone,2026-04-16T15:00:00Z,technology
HII to Showcase Company’s Role as America’s Seapower Company at Sea-Air-Space 2026,GlobeNewswire,2026-04-16T15:00:00Z,technology
Last Words from the Late Vivian Connell,Dianeravitch.net,2026-04-16T15:00:00Z,technology
The Infrastructure Play Hiding in Plain Sight Across Cardiac Care,GlobeNewswire,2026-04-16T15:00:00Z,technology
Crypto for Advisors: Tokenization’s evolution,CoinDesk,2026-04-16T15:00:00Z,technology
"Post-Quantum Cryptography Migration at Meta: Framework, Lessons, and Takeaways",Fb.com,2026-04-16T14:59:44Z,technology
Quantum stocks on pace for a massive week after Nvidia debuts AI models to boost the tech,CNBC,2026-04-16T14:56:58Z,technology
Coventry Ranks #1 in 2025 Life Settlement League Table Report,Financial Post,2026-04-16T14:50:00Z,technology
"Super Micro Computer Shareholder Alert: ClaimsFiler Reminds Investors With Losses In Excess Of $100,000 Of Lead Plaintiff Deadline In Class Action Lawsuits Against Super Micro Computer, Inc. - SMCI",GlobeNewswire,2026-04-16T14:35:00Z,technology
Field Notes: FedEx CFO Departs as Critical Loop Charges Up,WWD,2026-04-16T14:35:00Z,technology
Tyler Robinson judge unseals ATF report in assassination of Charlie Kirk,Fox News,2026-04-16T14:34:26Z,technology
World has changed but our parents career advice has not: Bengaluru CEO questions uncle’s computer engineering only advice for Class 12 pass cousin,The Times of India,2026-04-16T14:33:51Z,technology
Autodesk Donates $1.95 Million to Howard University and Celebrates the Opening of a New Makerspace,GlobeNewswire,2026-04-16T14:33:00Z,technology
Iran war: US ready to attack if no Iran deal reached,DW (English),2026-04-16T14:32:00Z,technology
French Open prize money to increase by 9.5%,BBC News,2026-04-16T14:29:04Z,technology
French Open prize money to increase by 9.5%,BBC News,2026-04-16T14:28:59Z,technology
Trump List of Saved Projects Spares $5 Billion Hydrogen Hubs,Financial Post,2026-04-16T14:27:36Z,technology
"Walmart Deepens Commitment to North Carolina, Fueling Long-Term Impact and Future Statewide Investments",Associated Press,2026-04-16T14:27:23Z,technology
"Apple hits record recycled material use, eliminates plastic packaging",Cult of Mac,2026-04-16T14:25:56Z,technology
"AI helped CIBC save 1.2 million hours, cut mortgage approval times at TD, CEOs say",Financial Post,2026-04-16T14:22:20Z,technology
NMG Announces Closing of US$96.5 Million Equity Public Offering,Financial Post,2026-04-16T14:20:35Z,technology
"What’s up with… Really Wireless, smartphones, VodafoneThree",TelecomTV,2026-04-16T14:20:30Z,technology
Aehr Test Systems Stock Explodes 17 Percent on Massive $41 Million AI Chip Testing Order,Ibtimes.com.au,2026-04-16T14:19:41Z,technology
NPR receives $113 million in charitable gifts,NPR,2026-04-16T14:18:37Z,technology
Eurofins CDMO Alphora Announces Integration of Advanced Continuous Flow Technology in API Manufacturing,Financial Post,2026-04-16T14:10:42Z,technology
Textron Aviation Expands High‑Speed Cabin Connectivity With Gogo 5G Upgrade for Cessna Citation Business Jets,Financial Post,2026-04-16T14:10:30Z,technology
Wärtsilä’s 34SG engine makes its data center debut with new 412 MW U.S. project,GlobeNewswire,2026-04-16T14:10:00Z,technology
Netflix Stock Dips Slightly Ahead of Crucial Q1 Earnings Report Expected to Show Strong Growth,Ibtimes.com.au,2026-04-16T14:07:56Z,technology
SMU launches Longevity Societies and Economies Institute to advance knowledge and innovation for Singapore’s longevity transition,BusinessLine,2026-04-16T14:05:21Z,technology
Altus Group Recognized as “Data Solution of the Year for Real Estate” in 2026 Data Breakthrough Awards,Financial Post,2026-04-16T14:04:09Z,technology
FEMINIST 250: ‘Founding Feminists’ Public Syllabus,Ms. Magazine,2026-04-16T14:00:00Z,technology
Justin Fairfax & Wife Dead in Murder-Suicide: Updates,New York Magazine,2026-04-16T13:58:00Z,technology
Alphabet Stock Dips Slightly to $333.97 as Investors Await Q1 Earnings and Massive AI Spending,Ibtimes.com.au,2026-04-16T13:55:34Z,technology
'The AI Doc' director says ‘F*ck you’ to AI companies stealing artists’ IP,Mashable,2026-04-16T13:47:21Z,technology
Ronan Farrow on Sam Altman’s ‘unconstrained’ relationship with the truth,The Verge,2026-04-16T13:47:17Z,technology
Muppets Coaster Previews Are Coming To Disney and Passholders Could Be on The List,Inside the Magic,2026-04-16T13:47:03Z,technology
AMA: Clinician burnout in specialties persists as overall rates drop,Techtarget.com,2026-04-16T13:46:00Z,technology
Let there be light: First iPhone variable-aperture camera enters production,Cult of Mac,2026-04-16T13:45:47Z,technology
"'Towards a full private digital workspace': Tuta debuts quantum-resistant cloud storage ahead of Google Drive, OneDrive",TechRadar,2026-04-16T13:45:33Z,technology
GameStop Stock Holds Steady Near $24.73 as Cash Pile Fuels Acquisition Buzz in 2026,Ibtimes.com.au,2026-04-16T13:44:30Z,technology
Experian Named a 2026 CIO 100 Award Winner,Financial Post,2026-04-16T13:39:55Z,technology
Andersen Consulting Adds Collaborating Firm Nuvolar,Financial Post,2026-04-16T13:39:48Z,technology
Jim Cramer on GigaCloud Technology: “It’s Very Inexpensive”,Yahoo Entertainment,2026-04-16T13:39:48Z,technology
Tesla Stock Dips to $386 as Post-Surge Profit-Taking Hits Ahead of Q1 Earnings,Ibtimes.com.au,2026-04-16T13:39:15Z,technology
"Dow Jones Hits 48,592 Amid Iran Ceasefire Hopes as Markets Eye Diplomatic Breakthrough",Ibtimes.com.au,2026-04-16T13:36:28Z,technology
Jim Cramer on Uber: “This Sell-Off Is Creating Bargains”,Yahoo Entertainment,2026-04-16T13:35:33Z,technology
NUMERATOR LAUNCHES REAL-TIME ATTRIBUTION AND ANNOUNCES UPDATED BENCHMARKS TO FOLLOW LATER IN 2026,Financial Post,2026-04-16T13:33:38Z,technology
A Crucial iPhone 18 Pro Component Enters Production And It Could Become A Major Selling Point For Millions Later This Year,Wccftech,2026-04-16T13:27:02Z,technology
Apple and Nvida chipmaker TSMC reports huge jump in profits amid Iran war,The-independent.com,2026-04-16T13:21:06Z,technology
"Fullscript Journeys Launches, Putting 125,000 Providers Back at the Center of the DTC Health Boom",Financial Post,2026-04-16T13:19:32Z,technology
"Astrana Health, Inc. (NASDAQ:ASTH) Given Average Rating of ""Moderate Buy"" by Analysts",MarketBeat,2026-04-16T13:17:16Z,technology
Amex Acquires Hyper to Boost AI and Expense Management Offerings,pymnts.com,2026-04-16T13:15:39Z,technology
Intel Just Launched Its MacBook Neo Competitor: Wildcat Lake For Everyday PCs,Wccftech,2026-04-16T13:15:18Z,technology
NurExone Biologic Inc. Announces Fourth Quarter and Full-Year 2025 Financial Results and Provides Corporate Update,GlobeNewswire,2026-04-16T13:15:00Z,technology
Maase Inc Stock 2026: Volatile AI Pivot Sparks Buy Debate as Shares Surge on Acquisitions,Ibtimes.com.au,2026-04-16T13:14:05Z,technology
Victory+ Brings Dallas Cowboys Content to Fans for Free in Major Multi-Year Streaming Partnership,Financial Post,2026-04-16T13:09:58Z,technology
"Canva Unveils Canva AI 2.0, Reimagining How The World Designs and Works",Financial Post,2026-04-16T13:09:44Z,technology
Chemelex Makes Minority Investment in Algo8 to Advance AI-Driven Manufacturing,Financial Post,2026-04-16T13:09:24Z,technology
"Thursday, April 16, 2026",Kffhealthnews.org,2026-04-16T13:05:05Z,technology
"As the Counter-Drone Era Goes Mainstream, This Nasdaq AI Defense Stock Just Landed a World Cup Deployment Order",Financial Post,2026-04-16T13:03:39Z,technology
The Quiet Shift Replacing Million-Dollar Heart Scanners With Software,Financial Post,2026-04-16T13:03:31Z,technology
Port of Prince Rupert Cargo Surges 14% as DP World Expands Capacity,Financial Post,2026-04-16T13:03:18Z,technology
"Philips receives FDA 510(k) clearance for Verida, the world’s first AI-powered detector-based spectral CT*, advancing diagnostic precision across clinical applications",Financial Post,2026-04-16T13:03:09Z,technology
"Philips receives FDA 510(k) clearance for Verida, the world’s first AI-powered detector-based spectral CT*, advancing diagnostic precision across clinical applications",GlobeNewswire,2026-04-16T13:00:00Z,technology
TruGolf Reports Fourth Quarter and Full Year 2025 Results,GlobeNewswire,2026-04-16T13:00:00Z,technology
"Canva debuts a new suite of agentic tools, as the design app quietly becomes one of the world’s most used AI services",Fortune,2026-04-16T13:00:00Z,technology
"Portnoy Law Firm Announces Class Action on Behalf of Super Micro Computer, Inc. Investors",GlobeNewswire,2026-04-16T13:00:00Z,technology
Toxic Gas-Emitting Plants Get Pollution Reprieve Under Trump,Insurance Journal,2026-04-16T12:52:18Z,technology
The UK is alarmingly unprepared for the threats it faces – security expert explains why,The Conversation Africa,2026-04-16T12:49:19Z,technology
"Beacon Software Acquires E2E Soccer, Expanding Its Soccer Platform to Be the Leading Integrated Solution for Canadian Leagues and Clubs",Financial Post,2026-04-16T12:38:32Z,technology
"DarkPulse, Inc. to Present at the Oil & Gas Virtual Investor Conference April 16th",Financial Post,2026-04-16T12:37:33Z,technology
Official: Disney World Confirms Major Hotel Perks Returning in 2027 — Here’s Why You’ll Want to Stay On-Property!,Inside the Magic,2026-04-16T12:22:57Z,technology
Lexitas Chief Legal Officer Ryan Casey Named to Law360’s 2026 Editorial Advisory Board,GlobeNewswire,2026-04-16T12:17:00Z,technology
Checkmarx Named Winner of the Esteemed Global InfoSec Awards,GlobeNewswire,2026-04-16T12:12:00Z,technology
"The Download: cyberscammers’ banking bypasses, and carbon removal troubles",MIT Technology Review,2026-04-16T12:10:00Z,technology
Donald Clarke: A Greenland shark is the sort of chap you could go for a pint with,The Irish Times,2026-04-16T12:10:00Z,technology
Champagne to discuss Anthropic at meeting with Bessent,Financial Post,2026-04-16T12:09:10Z,technology
"DraftKings Announces Intent to Launch Online Sportsbook and Casino in Alberta, Canada",Financial Post,2026-04-16T12:08:30Z,technology
“Most Trolled Person In The Entire World”: Meghan Markle’s Comments About Online Bullying Spark Backlash,Boredpanda.com,2026-04-16T15:29:52Z,business
"Top Business & Market Headlines Today — BL Morning Report, April 17, 2026",BusinessLine,2026-04-16T15:26:46Z,business
"Trump administration looks to Ford, GM in WWII-style weapons push: report",New York Post,2026-04-16T15:26:30Z,business
Precore Gold Completes Data Compilation and Readies for AI Driven Drill Target Identification at Their Lac Big-Rush Gold Property in Quebec,Financial Post,2026-04-16T15:26:02Z,business
"Memo: Condé Nast is shuttering Self magazine, folding its content into other brands, and winding down Glamour's publishing arms in Mexico, Spain, and Germany (Corbin Bolies/The Wrap)",Mediagazer.com,2026-04-16T15:25:02Z,business
Brian Williams To Host Podcast Series For Netflix,Deadline,2026-04-16T15:24:35Z,business
Read the memo from Disney's brand chief about why the marketing team got hit hard by layoffs,Business Insider,2026-04-16T15:23:49Z,business
New FBI warning reveals phishing attacks hitting private chats,Fox News,2026-04-16T15:23:38Z,business
Harmeet Dhillon: Semiautomatic Rifles Like the AR-15 'Are Protected by the Constitution',Breitbart News,2026-04-16T15:23:27Z,business
Saint Leo University Expands Online Graduate Programs for Florida Working Professionals,GlobeNewswire,2026-04-16T15:22:00Z,business
Precore Gold Completes Data Compilation and Readies for AI Driven Drill Target Identification at Their Lac Big-Rush Gold Property in Quebec,GlobeNewswire,2026-04-16T15:22:00Z,business
"Partners approve Hogan Lovells Cadwalader, a proposed $3.6B global firm",Abajournal.com,2026-04-16T15:22:00Z,business
Former MSNBC Host Brian Williams to Join Netflix With Interview Podcast: ‘The Perfect Home’,Mediaite,2026-04-16T15:20:08Z,business
"Foundation, a Prominent NFT Platform of the 2021 Boom, Shuts Down After Failed Sale",ARTnews,2026-04-16T15:18:46Z,business
Netflix Enlists Brian Williams for New Podcast ‘We’re Back!’,Variety,2026-04-16T15:17:57Z,business
"HSBC Reduces to Hold from Buy on NIKE, Inc. (NKE)",Yahoo Entertainment,2026-04-16T15:17:48Z,business
Spencer Pratt’s LA mayoral bid backed by Joe Rogan: ‘I’m rooting for you’,The-independent.com,2026-04-16T15:15:01Z,business
"Quaint Oak Bancorp, Inc. Declares Quarterly Cash Dividend",GlobeNewswire,2026-04-16T15:15:00Z,business
"Heritage Signs & Displays Strengthens Washington DC Leadership with Arlington, VA Expansion",Associated Press,2026-04-16T15:11:16Z,business
"Temporary Foreign Worker Permits for Truckers More Than Quadruple, Study Finds",Financial Post,2026-04-16T15:10:32Z,business
The U.S. Imports 95% of Its Uranium. One Nasdaq-Listed Newcomer is the Largest Conventional Deposit in the Country,GlobeNewswire,2026-04-16T15:08:00Z,business
"Walmart Deepens Commitment to Massachusetts, Fueling Long-Term Impact and Future Statewide Investments",Associated Press,2026-04-16T15:06:40Z,business
Pragmata PC performance tested: 18 GPUs take us to the Moon,Tom's Hardware UK,2026-04-16T15:06:07Z,business
Rogers Sugar Inc.: Conference Call – 2nd Quarter 2026 Results,Financial Post,2026-04-16T15:05:18Z,business
NPR receives two of its largest ever gifts: $80M for innovation in use of digital tech and $33M to build and buy tools to be shared with US public media orgs (David Folkenflik/NPR),Mediagazer.com,2026-04-16T15:05:00Z,business
Rumble Stock Rockets 18 Percent as Video Platform Launches Exchange Offer for AI Powerhouse Northern Data,Ibtimes.com.au,2026-04-16T15:02:13Z,business
Howe's future at a 'crossroads' as Newcastle's transfer priorities revealed,Sky Sports,2026-04-16T15:02:00Z,business
Schneider Electric unveils next generation agentic manufacturing capabilities powered by Microsoft Azure AI at Hannover Messe 2026,Financial Post,2026-04-16T15:01:24Z,business
Brian Williams Returns: Former Anchor Launching NETFLIX Podcast...,Hollywood Reporter,2026-04-16T15:00:13Z,business
BLUETTI Launches FridgePower on Kickstarter to Address Rising Power Outages in Canada,Financial Post,2026-04-16T15:00:10Z,business
"Gemini Space Station, Inc. (GEMI) Class Action Lawsuit Seeks Recovery for Investors; May 15, 2026, Deadline - Contact Kessler Topaz Meltzer & Check, LLP",GlobeNewswire,2026-04-16T15:00:00Z,business
"Adobe 拷 (Acrobat / Acrobat Reader, InDesign, InCopy, Experience Manager Screens, FrameMaker, Connect, ColdFusion, Bridge, Photoshop, DNG SDK, Illustrator) (Adobe, 2026.04.14)",Ryukoku.ac.jp,2026-04-16T15:00:00Z,business
"(techK / note, 2025.12.22) ゃShell ...",Ryukoku.ac.jp,2026-04-16T15:00:00Z,business
Scott Galloway’s ‘Prof G Markets’ Set for National Tour | Exclusive,TheWrap,2026-04-16T15:00:00Z,business
Miss Succession? Brian Cox's new movie Glenrothan will make you rethink dysfunctional family dynamics all over again — and is a world away from Waystar Royco,TechRadar,2026-04-16T15:00:00Z,business
"Chrome 147 Stable Channel Update for Desktop (Google, 2026.04.15)",Ryukoku.ac.jp,2026-04-16T15:00:00Z,business
Last Words from the Late Vivian Connell,Dianeravitch.net,2026-04-16T15:00:00Z,business
羇腥帥温恰賢援菴х箴茯翠膓 (若 4/16) c若ー攻菴処掘 ...,Ryukoku.ac.jp,2026-04-16T15:00:00Z,business
"2026 綛4 禹礇絅磧彜羂 (Microsoft, 2026.04.14)",Ryukoku.ac.jp,2026-04-16T15:00:00Z,business
"(The War Zone, 4/16)「紂 30mm 罘牙 XM ...",Ryukoku.ac.jp,2026-04-16T15:00:00Z,business
(2026.04.17) (various),Ryukoku.ac.jp,2026-04-16T15:00:00Z,business
GOP firebrand vows to strip Swalwell and Gonzales of lifetime taxpayer-funded benefits,Fox News,2026-04-16T14:58:07Z,business
Vampiro Reflects on His Amazing Career as He Gets Ready to Rock One Last Time,TVInsider,2026-04-16T14:54:34Z,business
Netflix earnings put focus back on basics as merger overhang clears,Financial Post,2026-04-16T14:53:23Z,business
Coventry Ranks #1 in 2025 Life Settlement League Table Report,Financial Post,2026-04-16T14:50:00Z,business
"Jury finds Ticketmaster, Live Nation run monopoly",The Week Magazine,2026-04-16T14:49:39Z,business
IMF Slashes Growth Outlook for Gulf Oil States on Iran War Shock,Financial Post,2026-04-16T14:47:53Z,business
Trump's ceasefire crumbles as nuclear nightmare scenario remains imminent threat,Raw Story,2026-04-16T14:46:41Z,business
French Police Rescue Mother and Child After $400K Crypto Ransom Kidnapping,Decrypt,2026-04-16T14:46:38Z,business
5 ways to improve your AI brand visibility (Using Yoast AI Brand Insights),Yoast.com,2026-04-16T14:45:23Z,business
SmartCentres Declares Distribution for April 2026,Financial Post,2026-04-16T14:40:56Z,business
"Nolte: Mamdani Grocery Store Will Take 3 Years to Build, Cost Absurd $30M",Breitbart News,2026-04-16T14:39:13Z,business
'It's a lot of fun': Blackmagic just turned the Apple Watch into the ultimate remote for iPhone filming,TechRadar,2026-04-16T14:37:48Z,business
Is Donald Trump Trying to Create a Nuclear Narrative as His Escape Ramp from the War with Iran?,Globalresearch.ca,2026-04-16T14:37:24Z,business
California Schemin’: James McAvoy’s ‘assured’ directing debut is a ‘blast’,The Week Magazine,2026-04-16T14:35:58Z,business
"From Medicine to Marketing, Architecture to Advertising: A Diverse Cohort Graduates from MICA 2026  | Loktej Business News",Loktej.com,2026-04-16T14:35:24Z,business
"Super Micro Computer Shareholder Alert: ClaimsFiler Reminds Investors With Losses In Excess Of $100,000 Of Lead Plaintiff Deadline In Class Action Lawsuits Against Super Micro Computer, Inc. - SMCI",GlobeNewswire,2026-04-16T14:35:00Z,business
"An ancient Microsoft Excel security flaw could let hackers hijack your entire system, so patch now",TechRadar,2026-04-16T14:35:00Z,business
Field Notes: FedEx CFO Departs as Critical Loop Charges Up,WWD,2026-04-16T14:35:00Z,business
World has changed but our parents career advice has not: Bengaluru CEO questions uncle’s computer engineering only advice for Class 12 pass cousin,The Times of India,2026-04-16T14:33:51Z,business
Autodesk Donates $1.95 Million to Howard University and Celebrates the Opening of a New Makerspace,GlobeNewswire,2026-04-16T14:33:00Z,business
"NASDAQ: IBRX: Kessler Topaz Meltzer & Check, LLP Announces the Filing of a Securities Fraud Class Action Lawsuit Against ImmunityBio, Inc.",GlobeNewswire,2026-04-16T14:31:00Z,business
NBC and the NYT appear to be duped by a discredited technique: facilitated communication,Whyevolutionistrue.com,2026-04-16T14:30:48Z,business
Brian Williams to Host Netflix Interview Podcast Series ‘We’re Back!’,TheWrap,2026-04-16T14:29:47Z,business
US Says 13 Ships Turned Around Rather Than Test Blockade,Financial Post,2026-04-16T14:27:44Z,business
Trump List of Saved Projects Spares $5 Billion Hydrogen Hubs,Financial Post,2026-04-16T14:27:36Z,business
"Walmart Deepens Commitment to North Carolina, Fueling Long-Term Impact and Future Statewide Investments",Associated Press,2026-04-16T14:27:23Z,business
MS NOW Host Throws Fit Over Ukraine ‘Whistleblower’ Being Referred For Prosecution,The Daily Caller,2026-04-16T14:26:31Z,business
Canada’s Aurora Cannabis (ACB) Looks Overseas As Domestic Market Goes Up in Smoke,Yahoo Entertainment,2026-04-16T14:26:12Z,business
"Apple hits record recycled material use, eliminates plastic packaging",Cult of Mac,2026-04-16T14:25:56Z,business
"AI helped CIBC save 1.2 million hours, cut mortgage approval times at TD, CEOs say",Financial Post,2026-04-16T14:22:20Z,business
How to spot fake weight loss injections: Seven red flags to avoid,The-independent.com,2026-04-16T14:21:54Z,business
NMG Announces Closing of US$96.5 Million Equity Public Offering,Financial Post,2026-04-16T14:20:35Z,business
"What’s up with… Really Wireless, smartphones, VodafoneThree",TelecomTV,2026-04-16T14:20:30Z,business
Aehr Test Systems Stock Explodes 17 Percent on Massive $41 Million AI Chip Testing Order,Ibtimes.com.au,2026-04-16T14:19:41Z,business
NPR receives $113 million in charitable gifts,NPR,2026-04-16T14:18:37Z,business
The Pentagon Wants Automakers To Build Fewer Cars And More Weapons,Jalopnik,2026-04-16T14:18:04Z,business
Eurofins CDMO Alphora Announces Integration of Advanced Continuous Flow Technology in API Manufacturing,Financial Post,2026-04-16T14:10:42Z,business
Textron Aviation Expands High‑Speed Cabin Connectivity With Gogo 5G Upgrade for Cessna Citation Business Jets,Financial Post,2026-04-16T14:10:30Z,business
LAT Multilingual Announces Partnership with World Press Freedom Canada,Financial Post,2026-04-16T14:10:19Z,business
Angelo Stiller responds to Luke Littler’s “please come” to Man United plea,The Peoples Person,2026-04-16T14:10:00Z,business
Netflix Stock Dips Slightly Ahead of Crucial Q1 Earnings Report Expected to Show Strong Growth,Ibtimes.com.au,2026-04-16T14:07:56Z,business
IMF Sees Iran War Driving African Nations to Seek Greater Help,Financial Post,2026-04-16T14:07:20Z,business
"Republicans rip 4 blue states for keeping taxes on tips, overtime after Trump reprieve",Fox News,2026-04-16T14:05:32Z,business
SMU launches Longevity Societies and Economies Institute to advance knowledge and innovation for Singapore’s longevity transition,BusinessLine,2026-04-16T14:05:21Z,business
Trillion Energy International Inc. to Present at the Oil & Gas Virtual Investor Conference on April 16th,Financial Post,2026-04-16T14:04:17Z,business
Altus Group Recognized as “Data Solution of the Year for Real Estate” in 2026 Data Breakthrough Awards,Financial Post,2026-04-16T14:04:09Z,business
"How to invest when markets are reacting irrationally to a war, oil shocks and major uncertainty",Financial Post,2026-04-16T14:02:08Z,business
US Industrial Production Fell in March in Broad Decline,Financial Post,2026-04-16T14:01:59Z,business
Introducing Koog Integration for Spring AI: Smarter Orchestration for Your Agents,Jetbrains.com,2026-04-16T14:01:57Z,business
Former Disney teen star exposes chilling warning signs of predatory behavior in Hollywood,Fox News,2026-04-16T14:00:30Z,business
Russia plans to put nuclear weapons in orbit for 'space Pearl Harbor'...,Thetimes.com,2026-04-16T14:00:13Z,business
Sanitation access and satisfaction in northern Haiti: Insights from a quasi-census survey,Plos.org,2026-04-16T14:00:00Z,business
"“A Shortage Of Nearly Everything” Is Coming If The War Does Not End Soon – In South Korea, People Are Already Panic-Buying Trash Bags",Activistpost.com,2026-04-16T14:00:00Z,business
Awards for Irish television to be presented tonight,RTE,2026-04-16T15:25:45Z,entertainment
Read the memo from Disney's brand chief about why the marketing team got hit hard by layoffs,Business Insider,2026-04-16T15:23:49Z,entertainment
Roku hits a major milestone with 100 million users,The Verge,2026-04-16T15:14:46Z,entertainment
Apple and Google Continue to Offer 'Nudify' Apps that Use AI to Generate Deepfake Porn,Breitbart News,2026-04-16T15:02:20Z,entertainment
Samsung Galaxy Z Fold 8: July 22 Unpacked Date and London Venue,Geeky Gadgets,2026-04-16T15:00:39Z,entertainment
"PHOTOS: Our Room at This Famous Hotel Cost $2,000…And We TOTALLY Understand Why!",disneyfoodblog.com,2026-04-16T15:00:21Z,entertainment
Vampiro Reflects on His Amazing Career as He Gets Ready to Rock One Last Time,TVInsider,2026-04-16T14:54:34Z,entertainment
Victoria Beckham breaks silence on family feud with son Brooklyn and his wife Nicola Peltz,Fox News,2026-04-16T14:50:21Z,entertainment
It's Been 5 Years Since Daniel Craig's Bond Exit. Amazon Boss Just Spoke On Why His Successor Is Taking So Long,CinemaBlend,2026-04-16T14:50:05Z,entertainment
"Jury finds Ticketmaster, Live Nation run monopoly",The Week Magazine,2026-04-16T14:49:39Z,entertainment
"Celtics vs. 76ers schedule: Dates, times, TV channels, scores for 2026 NBA Playoffs first-round series",Sporting News,2026-04-16T14:39:32Z,entertainment
"Nolte: Mamdani Grocery Store Will Take 3 Years to Build, Cost Absurd $30M",Breitbart News,2026-04-16T14:39:13Z,entertainment
"From Medicine to Marketing, Architecture to Advertising: A Diverse Cohort Graduates from MICA 2026  | Loktej Business News",Loktej.com,2026-04-16T14:35:24Z,entertainment
Marina Bay Sands Room Tour: Is This Iconic Hotel Worth the Hype?,allears.net,2026-04-16T14:30:12Z,entertainment
John Mulaney Confirmed That Ridiculous Urinal Prank Will Forte Pulled At SNL,CinemaBlend,2026-04-16T14:29:29Z,entertainment
Hoda Kotb's 'Favorite Part' Of Savannah Guthrie's Today Return Has Me So Emotional,CinemaBlend,2026-04-16T14:16:05Z,entertainment
Netflix Stock Dips Slightly Ahead of Crucial Q1 Earnings Report Expected to Show Strong Growth,Ibtimes.com.au,2026-04-16T14:07:56Z,entertainment
Should You Watch Beef Season 2? The Info You Need In Under 100 Words,CinemaBlend,2026-04-16T14:05:00Z,entertainment
Beef Recap: Everyone Is Scamming,Vulture,2026-04-16T14:00:46Z,entertainment
Former Disney teen star exposes chilling warning signs of predatory behavior in Hollywood,Fox News,2026-04-16T14:00:30Z,entertainment
"Street Fighter's Trailer Is Epic, But 3 Game References Make Me Giddier Than The Rest",CinemaBlend,2026-04-16T13:51:40Z,entertainment
Why PR Experts And Social Media Stars Think Megan Fox Is Losing Out On Millions,CinemaBlend,2026-04-16T13:48:42Z,entertainment
'The AI Doc' director says ‘F*ck you’ to AI companies stealing artists’ IP,Mashable,2026-04-16T13:47:21Z,entertainment
"13 of the best Record Store Day 2026 releases, as picked by TechRadar — Pavement, Public Service Broadcasting and more",TechRadar,2026-04-16T13:46:27Z,entertainment
Investor Aaron Butler scoops up Lincoln Road site where Noble 33 plans restaurant,The Real Deal,2026-04-16T13:45:00Z,entertainment
GameStop Stock Holds Steady Near $24.73 as Cash Pile Fuels Acquisition Buzz in 2026,Ibtimes.com.au,2026-04-16T13:44:30Z,entertainment
Brandi Glanville ends up in urgent care after trying viral TikTok trend,Fox News,2026-04-16T13:35:47Z,entertainment
"Jim Cramer on Booking Holdings: “When the War Ends, I Think This Thing’s Going to Soar”",Yahoo Entertainment,2026-04-16T13:35:36Z,entertainment
I found a hidden live TV section on my smart TV that I'd been missing for years,MakeUseOf,2026-04-16T13:30:58Z,entertainment
‘Foreign investments in India should be 100 times more’,BusinessLine,2026-04-16T13:30:57Z,entertainment
OneCoin’s fallout lingers as US victims get a shot at recovery,Cointelegraph,2026-04-16T13:28:01Z,entertainment
Business News | Savills India Earns Great Place to Work Certification 2026; Recognised Among India's Best Workplaces in Health & Wellness,LatestLY,2026-04-16T13:22:58Z,entertainment
Survivor Producers Need To Understand Why Fans Hated One Big Twist And Loved The Other,CinemaBlend,2026-04-16T13:15:46Z,entertainment
Netflix reveals first image and 2027 release window for Charlie Vs. the Chocolate Factory — and it'll put a deliciously sour twist on Roald Dahl's classic tale,TechRadar,2026-04-16T13:15:38Z,entertainment
Victory+ Brings Dallas Cowboys Content to Fans for Free in Major Multi-Year Streaming Partnership,Financial Post,2026-04-16T13:09:58Z,entertainment
'Lee Cronin's The Mummy' Review: A Family Under Threat From Within,Hollywood Reporter,2026-04-16T13:00:43Z,entertainment
From the Archive: Looking Back at the 1970s Nostalgic Festival Footwear Style,WWD,2026-04-16T13:00:00Z,entertainment
Marvel Looking For A Talent Relations Co-Ordinator… What's Going On?,Bleeding Cool News,2026-04-16T12:59:11Z,entertainment
"How Drunk Does Seth Meyers Get During Those Day Drinking Segments? (Plus, The Secret To Those Hangovers)",CinemaBlend,2026-04-16T12:50:06Z,entertainment
Shannon Elizabeth is Joining OnlyFans on Heels of Divorce Filing,The Hollywood Gossip,2026-04-16T12:46:37Z,entertainment
"Study explores how and why US teens use TikTok, Instagram and Snapchat",Music Ally,2026-04-16T12:30:00Z,entertainment
Shoot of a popular film sequel begins on auspicious occasion of Poila Boishakh,The Times of India,2026-04-16T12:20:18Z,entertainment
Fraud is on the rise. Blame AI,USA Today,2026-04-16T12:17:18Z,entertainment
Jun-yeol Ryu to Star in Netflix Live-Action Series Adaptation of Webtoon G'day,Anime News Network,2026-04-16T12:15:00Z,entertainment
K-Pop’s ‘Big Four’ to collaborate on Fanomenon music festival,Music Ally,2026-04-16T12:15:00Z,entertainment
"DraftKings Announces Intent to Launch Online Sportsbook and Casino in Alberta, Canada",Financial Post,2026-04-16T12:08:30Z,entertainment
The Brutal Critique Christopher Nolan Got ‘Anonymously’ When Interstellar Came Out,CinemaBlend,2026-04-16T12:03:46Z,entertainment
Rogers Expands Satellite-to-Mobile Coverage to the U.S.,Financial Post,2026-04-16T12:02:47Z,entertainment
Asus TUF Gaming A14 (2026) review: Big CPU power in a mispriced gaming laptop,Tom's Hardware UK,2026-04-16T12:00:00Z,entertainment
Style and Decor. Il momento in cui l'estetica personale e le tendenze si incontrano. DECOR INSPIRATION.,Coolchicstylefashion.com,2026-04-16T12:00:00Z,entertainment
Crunchyroll Brings Chainsaw Man Voice Actor Kikunosuke Toya to Thailand,Anime News Network,2026-04-16T12:00:00Z,entertainment
"I Didn't Expect The Floor To Last This Long, But I Am Glad It Did",CinemaBlend,2026-04-16T12:00:00Z,entertainment
"Iran War timeline continues to shift. And, jury rules Live Nation acted as monopoly",NPR,2026-04-16T11:59:11Z,entertainment
Thelma & Louise musical set for world premiere at London theatre,The-independent.com,2026-04-16T11:47:48Z,entertainment
Anonymous perps behind 86 million files scraped from Spotify hit with $322 million court judgement — Anna's Archive case presents intriguing precedent for AI training,Tom's Hardware UK,2026-04-16T11:40:00Z,entertainment
Re:ZERO -Starting Life in Another World- Season 4 ‒ Episodes 1-2,Anime News Network,2026-04-16T11:30:00Z,entertainment
"Laughter Chefs 3: Sunita Ahuja reacts to ending her family feud with Krushna Abhishek and Kashmera Shah; says, “Waqt ka kya bharosa, raat toh soye, pata nahi subah uthenge ke nahi”",The Times of India,2026-04-16T11:28:31Z,entertainment
Spotify just won $322 million from music pirates it can’t find,The Verge,2026-04-16T11:27:42Z,entertainment
The Warrior Princess and the Barbaric King,Anime News Network,2026-04-16T11:25:24Z,entertainment
Ex-Sony Exec Comments on Game Pass,IGN,2026-04-16T11:24:29Z,entertainment
Internal Supreme Court tensions spill into public view,Yahoo Entertainment,2026-04-16T11:02:35Z,entertainment
Historic Israel-Lebanon talks to take place for first time in decades and more top headlines,Fox News,2026-04-16T10:52:24Z,entertainment
"Gianni Infantino confirms first-ever FIFA World Cup final halftime show for 2026 inspired by NFL Super Bowl, Coldplay’s Chris Martin to curate mega event",The Times of India,2026-04-16T10:51:33Z,entertainment
Beef season 2 is the dumbest new Netflix show in years — but I can't stop laughing at these wildly inappropriate cultural Easter eggs,TechRadar,2026-04-16T10:51:14Z,entertainment
"""Couples Therapy"" Season Five Premieres Friday, May 15, Exclusively on Paramount+",Thefutoncritic.com,2026-04-16T10:01:00Z,entertainment
"Prince Harry, Meghan Markle blasted for ‘faux royal tour’ as experts accuse couple of exploiting titles",Fox News,2026-04-16T10:00:20Z,entertainment
"A Burning House, a Quiet Media, a Silenced Majority",Thenation.com,2026-04-16T09:50:00Z,entertainment
YMU Signs Presenter & Podcaster Vogue Williams,Deadline,2026-04-16T09:30:00Z,entertainment
Warner Bros. Files Criminal Complaint Against Chilean IPTV Operator Over “Alarming” Piracy Growth,Torrentfreak.com,2026-04-16T09:08:42Z,entertainment
"Neil Patrick Harris, Tituss Burgess and Ellie Kemper to Star in Forthcoming Mo Willems Children's Book Adaptions for Paramount+",Thefutoncritic.com,2026-04-16T09:01:00Z,entertainment
"Trump hits key battlegrounds to sell tax cuts, boost GOP ahead of midterms",Fox News,2026-04-16T09:00:42Z,entertainment
"A survey of US teens: ~90% say entertainment is a reason they use TikTok, Instagram, or Snapchat, 57% Snapchat message daily, and 37% say TikTok impacts sleep (Pew Research Center)",Mediagazer.com,2026-04-16T08:55:01Z,entertainment
Dr. Oz says Trump thinks diet soda ‘must kill cancer cells’,Headtopics.com,2026-04-16T08:43:07Z,entertainment
IEA chief Birol named sole Turkish figure on Time’s most influential list,Hurriyet Daily News,2026-04-16T08:34:24Z,entertainment
"""SkyMed"" Season 4 Takes Flight May 21 on Paramount+",Thefutoncritic.com,2026-04-16T08:30:00Z,entertainment
Beef Season-Premiere Recap: Mind Games,Vulture,2026-04-16T08:00:09Z,entertainment
How A Convicted Sex Offender Tricked His Way Through The World Of UK Theater: “I Was Terrified Of Him Because Of The Level Of Betrayal”,Deadline,2026-04-16T08:00:00Z,entertainment
Samsung adds Kings of Comedy to Samsung TV Plus in India,SamMobile,2026-04-16T07:30:19Z,entertainment
Hunger Games actor Ethan Jamieson arrested for alleged assault with intent to kill,The-independent.com,2026-04-16T07:17:10Z,entertainment
"Where to watch LOVB championship: Schedule, times, channel, live stream for 2026 volleyball finals",Sporting News,2026-04-16T07:00:02Z,entertainment
How Professors Shaped Some of Last Year’s Biggest Films and Television,Inside Higher Ed,2026-04-16T07:00:00Z,entertainment
"Trump to promote tax breaks in Las Vegas, where residents feel the pinch",Abcnews.com,2026-04-16T06:15:26Z,entertainment
"Perché non ci piacciono le regole, ma non ci piace nemmeno sbagliare. E soprattutto ci piace brillare. DAILY INSPIRATION.",Coolchicstylefashion.com,2026-04-16T06:15:00Z,entertainment
"Oasis’ Comeback Outing Wins ‘Major Tour of the Year’ Prize at Pollstar Awards, as Kendrick Lamar/SZA, Benson Boone and the Weeknd Also Score Top Honors",Variety,2026-04-16T06:07:25Z,entertainment
Atlanta's first open container district launches in South Downtown ahead of World Cup,CBS News,2026-04-16T06:00:40Z,entertainment
"Seven Seas Launches 'Yes, No, or Maybe?' Audiobook for Siren Imprint",Anime News Network,2026-04-16T05:56:58Z,entertainment
Crunchyroll to Bring 'Re:ZERO -Starting Life in Another World-' Sason 3 on Blu-Ray™ July 28,Anime News Network,2026-04-16T05:56:47Z,entertainment
China’s Parallel Web Behind the Wall | Vale.Rocks,Vale.rocks,2026-04-16T05:47:02Z,entertainment
"Trump to promote tax breaks in Las Vegas, where residents feel the pinch of high gas prices",Abcnews.com,2026-04-16T04:57:07Z,entertainment
"Trump to promote tax breaks in Las Vegas, where residents feel the pinch of high gas prices",Abcnews.com,2026-04-16T04:56:45Z,entertainment
Darby Allin's AEW Title Win Is Tony Khan's Worst Attack on WWE Yet,Bleeding Cool News,2026-04-16T04:04:10Z,entertainment
"Rewards App Faces Data Broker Accusations; Apple Loves Advertising, Apparently",AdExchanger,2026-04-16T04:03:43Z,entertainment
AIX26: Air Canada commences flying with Panasonic Astrova,Boardingarea.com,2026-04-16T03:55:11Z,entertainment
Popular Crime TV Show Renewed for Season 2 at CBS,ComingSoon.net,2026-04-16T03:46:34Z,entertainment
Beloved Baywatch Actor Returns for Fox’s Reboot Series,ComingSoon.net,2026-04-16T03:45:03Z,entertainment
The Valley Recap: Why 2K?,Vulture,2026-04-16T02:54:54Z,entertainment
Survivor Recap: Double Trouble,Vulture,2026-04-16T02:54:45Z,entertainment
Marvel’s Kryptonite = Gavin Newsom and wokeness,New York Post,2026-04-16T02:51:34Z,entertainment
REPORT: Nearly 200 Dead In ‘World’s Largest Water Fight’,The Daily Caller,2026-04-16T15:31:05Z,health
Pope Leo XIV in Cameroon says ‘the time has come’ to rebuild peace,Ewtnnews.com,2026-04-16T15:30:28Z,health
“Most Trolled Person In The Entire World”: Meghan Markle’s Comments About Online Bullying Spark Backlash,Boredpanda.com,2026-04-16T15:29:52Z,health
Google Faces EU Order to Share Search Data With Rivals,pymnts.com,2026-04-16T15:28:23Z,health
Saint Leo University Expands Online Graduate Programs for Florida Working Professionals,GlobeNewswire,2026-04-16T15:22:00Z,health
Ex-PlayStation boss says Microsoft is 'trying so hard to will' Xbox Game Pass 'into health' and suggests 'a clarifying post mortem would do the entire industry some good',TechRadar,2026-04-16T15:18:48Z,health
RFK Jr. will remake panel that determines which preventative services insurers must cover (Carmen Paun/Politico),Memeorandum.com,2026-04-16T15:15:00Z,health
(VIDEO) Former Virginia Lt. Gov. Justin Fairfax Kills Wife Then Himself in Murder-Suicide Amid Messy Divorce,Ibtimes.com.au,2026-04-16T15:10:01Z,health
Tiger Woods' attorney fights subpoena for prescription drug records in DUI case: reports,Fox News,2026-04-16T15:05:21Z,health
"Clavicular Commits To Sobriety, Quits Livestreaming After On-Camera Overdose",The Daily Caller,2026-04-16T15:03:32Z,health
"Death rate in immigration detention has reached a 22-year-high, raising physicians' concerns",NBC News,2026-04-16T15:02:24Z,health
"In Mamdani’s NYC, sewer socialism is out. Pothole politics is in.",Gothamist,2026-04-16T15:01:06Z,health
Last Words from the Late Vivian Connell,Dianeravitch.net,2026-04-16T15:00:00Z,health
The Infrastructure Play Hiding in Plain Sight Across Cardiac Care,GlobeNewswire,2026-04-16T15:00:00Z,health
"Patriots links 4/16/26: Finding prospect fits: S, OT, LB, ST",Pats Pulpit,2026-04-16T14:50:01Z,health
"Fast-food chain rejects tech trends, doubles down on in-person service",Fox News,2026-04-16T14:47:15Z,health
French Police Rescue Mother and Child After $400K Crypto Ransom Kidnapping,Decrypt,2026-04-16T14:46:38Z,health
Man kills sister’s harasser in WS,The Times of India,2026-04-16T14:46:25Z,health
Kathmandu district Red Cross wraps up first aid training in 6 wards,Peoplesreview.com.np,2026-04-16T14:40:43Z,health
"ImmunityBio Shareholder Alert: ClaimsFiler Reminds Investors With Losses In Excess Of $100,000 Of Lead Plaintiff Deadline In Class Action Lawsuit Against ImmunityBio, Inc. - IBRX",GlobeNewswire,2026-04-16T14:40:00Z,health
Exclusive Poll: Three-Quarters of Voters Support Rolling Back FICO Fees for Credit Score Reports,Breitbart News,2026-04-16T14:38:57Z,health
"Purisaki Berberine Patches 2026 | Effective Weight Loss For Women Lose 12+ lbs per Month Read Benefits, Ingredients, Side Effects, Lunch in USA.",GlobeNewswire,2026-04-16T14:34:00Z,health
Lead contamination crisis exposed in public parks across major southern city,Fox News,2026-04-16T14:32:45Z,health
NBC and the NYT appear to be duped by a discredited technique: facilitated communication,Whyevolutionistrue.com,2026-04-16T14:30:48Z,health
Ken Jennings addresses future on Jeopardy — and the truth about controversial final question that broke 74-win streak,The-independent.com,2026-04-16T14:23:50Z,health
Apple Starts Laying The Groundwork For Its iOS 27 AI Revamp As 4 Features Get Leaked,Wccftech,2026-04-16T14:23:14Z,health
Eagles News: Good perspective on the A.J. Brown situation,Bleeding Green Nation,2026-04-16T14:21:22Z,health
Dubai Health Joins iHope as First Laboratory Partner in the Middle East,Associated Press,2026-04-16T14:21:19Z,health
"Doping is a ‘big problem’ in India, global anti-doping body chief says",Al Jazeera English,2026-04-16T14:16:14Z,health
How Important Is Sleep? Rory McIlroy Had a 92 Sleep Score Before His Masters Repeat.,menshealth.com,2026-04-16T14:13:58Z,health
Samsung SmartThings gets Now Brief integration,GSMArena.com,2026-04-16T14:13:02Z,health
Kennedy returns to Capitol Hill with clout diminished - Axios,Slashdot.org,2026-04-16T14:12:43Z,health
Eurofins CDMO Alphora Announces Integration of Advanced Continuous Flow Technology in API Manufacturing,Financial Post,2026-04-16T14:10:42Z,health
5 reasons Apple’s ecosystem is almost impossible to leave,Cult of Mac,2026-04-16T14:08:28Z,health
SMU launches Longevity Societies and Economies Institute to advance knowledge and innovation for Singapore’s longevity transition,BusinessLine,2026-04-16T14:05:21Z,health
"Adam Hughes, Cancelling Store Signings & Appearances After Diagnosis",Bleeding Cool News,2026-04-16T14:04:09Z,health
Beef Recap: Everyone Is Scamming,Vulture,2026-04-16T14:00:46Z,health
FEMINIST 250: ‘Founding Feminists’ Public Syllabus,Ms. Magazine,2026-04-16T14:00:00Z,health
Genomic diversity analysis enables development of pan-Dengue Toehold RNA sensors,Plos.org,2026-04-16T14:00:00Z,health
Sanitation access and satisfaction in northern Haiti: Insights from a quasi-census survey,Plos.org,2026-04-16T14:00:00Z,health
Burden of antimicrobial resistance in culture-confirmed Salmonella Typhi isolates in India from 1977 to 2024: A systematic review and meta-analysis,Plos.org,2026-04-16T14:00:00Z,health
Why Iran Is Determined to Protect Hezbollah in Any Peace Deal,OilPrice.com,2026-04-16T14:00:00Z,health
"Designing, implementing and embedding transformation-focused evaluation: A framework and insights from a regional food system change initiative",Plos.org,2026-04-16T14:00:00Z,health
"Habitat Services workers in Toronto join the United Steelworkers, strengthening their voice in the social service sector",Financial Post,2026-04-16T13:59:07Z,health
Alphabet Stock Dips Slightly to $333.97 as Investors Await Q1 Earnings and Massive AI Spending,Ibtimes.com.au,2026-04-16T13:55:34Z,health
Colorado Senate Bill Would Overhaul Marijuana Taxes and Shift Testing Oversight to Public Health,Themarijuanaherald.com,2026-04-16T13:52:38Z,health
"From Venezuela to Iran, major operations have kept US Navy supercarrier USS Gerald R. Ford away from home for almost 10 months",Business Insider,2026-04-16T13:51:52Z,health
"In a memo, Condé Nast CEO Roger Lynch says Self magazine is shutting down and its health and wellness content will be integrated into brands like Allure (Emily Sundberg/@emily_sundberg)",Mediagazer.com,2026-04-16T13:50:03Z,health
Chargers Daily Links: Thursday Open Thread,Bolts From The Blue,2026-04-16T13:50:00Z,health
Fantasy Baseball Today: Rankings remain steady but Sal Stewart's breakout forces rise up the boards,CBS Sports,2026-04-16T13:47:21Z,health
AMA: Clinician burnout in specialties persists as overall rates drop,Techtarget.com,2026-04-16T13:46:00Z,health
"Shahmir Khan wants to address mental health issues, burnout & anxiety",The Times of India,2026-04-16T13:44:10Z,health
Kanye West ‘TRAUMATIZED’ … OVER THE SIZE OF PETE DAVIDSON’S MANHOOD!,Showbiz Cheat Sheet,2026-04-16T13:42:50Z,health
"Parents, teachers back tougher stance on school bullying, but doubts remain over impact",CNA,2026-04-16T13:38:25Z,health
"Dow Jones Hits 48,592 Amid Iran Ceasefire Hopes as Markets Eye Diplomatic Breakthrough",Ibtimes.com.au,2026-04-16T13:36:28Z,health
Brandi Glanville ends up in urgent care after trying viral TikTok trend,Fox News,2026-04-16T13:35:47Z,health
‘Hit a homer for him’: Dalton Rushing fulfills Shohei Ohtani’s request as Dodgers DH,New York Post,2026-04-16T13:29:23Z,health
Business News | Savills India Earns Great Place to Work Certification 2026; Recognised Among India's Best Workplaces in Health & Wellness,LatestLY,2026-04-16T13:22:58Z,health
"Fullscript Journeys Launches, Putting 125,000 Providers Back at the Center of the DTC Health Boom",Financial Post,2026-04-16T13:19:32Z,health
TCS declares Nashik WFH; Wipro Q4 results,The Times of India,2026-04-16T13:17:57Z,health
"Astrana Health, Inc. (NASDAQ:ASTH) Given Average Rating of ""Moderate Buy"" by Analysts",MarketBeat,2026-04-16T13:17:16Z,health
Mental health parity remains elusive in 43 states,Techtarget.com,2026-04-16T13:14:00Z,health
Former Virginia Lt. Gov. Justin Fairfax And His Wife Dead In Murder-Suicide,HuffPost,2026-04-16T13:05:14Z,health
"Thursday, April 16, 2026",Kffhealthnews.org,2026-04-16T13:05:05Z,health
"ThreatsDay Bulletin: Defender 0-Day, SonicWall Brute-Force, 17-Year-Old Excel RCE and 15 More Stories",Internet,2026-04-16T13:05:00Z,health
The Quiet Shift Replacing Million-Dollar Heart Scanners With Software,Financial Post,2026-04-16T13:03:31Z,health
"Philips receives FDA 510(k) clearance for Verida, the world’s first AI-powered detector-based spectral CT*, advancing diagnostic precision across clinical applications",Financial Post,2026-04-16T13:03:09Z,health
Asian enrollment at Johns Hopkins is skyrocketing. No one can say why.,Freerepublic.com,2026-04-16T13:01:58Z,health
JD Vance Suspends 447 More Hospices in L.A. in Ongoing Battle Against Fraud,Legalinsurrection.com,2026-04-16T13:00:40Z,health
"Philips receives FDA 510(k) clearance for Verida, the world’s first AI-powered detector-based spectral CT*, advancing diagnostic precision across clinical applications",GlobeNewswire,2026-04-16T13:00:00Z,health
The workers at the world’s largest library association have a story they want to tell,Chicago Reader,2026-04-16T13:00:00Z,health
"Whoop is moving beyond wearables to test your blood, integrating the results with its AI-powered app — and its latest evolution is smarter than ever",TechRadar,2026-04-16T13:00:00Z,health
Republicans/Absolute Freaks Want To Make Teen Pregnancy Great Again,Wonkette.com,2026-04-16T12:55:59Z,health
Toxic Gas-Emitting Plants Get Pollution Reprieve Under Trump,Insurance Journal,2026-04-16T12:52:18Z,health
"Students expect their university will mishandle sexual misconduct, if they ever report it",The Conversation Africa,2026-04-16T12:46:29Z,health
"""Into the Wood Chipper"": Whistleblower's Inside Story of DOGE Shredding USAID, 14 Million May Die",Democracy Now!,2026-04-16T12:46:22Z,health
"DarkPulse, Inc. to Present at the Oil & Gas Virtual Investor Conference April 16th",Financial Post,2026-04-16T12:37:33Z,health
The Lewis dynasty makes a third bid to shape democratic socialism in Canada,The Conversation Africa,2026-04-16T12:34:54Z,health
Cority Wins Two E+E Leader Awards for AI Compliance and Emissions Innovation,Financial Post,2026-04-16T12:32:36Z,health
"Study explores how and why US teens use TikTok, Instagram and Snapchat",Music Ally,2026-04-16T12:30:00Z,health
Synching workouts to natural body clock may help maximize heart health benefits,Medical News Today,2026-04-16T12:17:00Z,health
Good news for Canada's World Cup team as Alphonso Davies looking stronger each game in return from injury,CBC News,2026-04-16T12:15:31Z,health
Can Eye Makeup Harm Your Eyes? What to Know and Safer Alternatives,Women's Health,2026-04-16T12:03:55Z,health
Wellcome Leap Announces $2 Million Prize in $50 Million Quantum for Bio Challenge Program,Financial Post,2026-04-16T12:02:34Z,health
"Indonesia certifies 13,576 MBG kitchens, eyes completion by August",Antaranews.com,2026-04-16T12:01:04Z,health
5 new podcasts to listen to this week,The-independent.com,2026-04-16T15:18:40Z,science
"Science Slot, Arteta On Fire, Orban Lit, McClean Media, Dub Doubt - 16/04/26",Acast.com,2026-04-16T15:02:15Z,science
Miss Succession? Brian Cox's new movie Glenrothan will make you rethink dysfunctional family dynamics all over again — and is a world away from Waystar Royco,TechRadar,2026-04-16T15:00:00Z,science
Graham Platner Apologizes for Using the R-Word,Mother Jones,2026-04-16T14:37:00Z,science
"Purisaki Berberine Patches 2026 | Effective Weight Loss For Women Lose 12+ lbs per Month Read Benefits, Ingredients, Side Effects, Lunch in USA.",GlobeNewswire,2026-04-16T14:34:00Z,science
World has changed but our parents career advice has not: Bengaluru CEO questions uncle’s computer engineering only advice for Class 12 pass cousin,The Times of India,2026-04-16T14:33:51Z,science
Autodesk Donates $1.95 Million to Howard University and Celebrates the Opening of a New Makerspace,GlobeNewswire,2026-04-16T14:33:00Z,science
Astronomers measure the mind-blowing power and speed of black hole jets for the first time - AP News,Slashdot.org,2026-04-16T14:32:08Z,science
Iran war: US ready to attack if no Iran deal reached,DW (English),2026-04-16T14:32:00Z,science
NBC and the NYT appear to be duped by a discredited technique: facilitated communication,Whyevolutionistrue.com,2026-04-16T14:30:48Z,science
Eagles News: Good perspective on the A.J. Brown situation,Bleeding Green Nation,2026-04-16T14:21:22Z,science
Generative AI in the Real World: Aishwarya Naresh Reganti on Making AI Work in Production,Oreilly.com,2026-04-16T14:03:20Z,science
Genomic diversity analysis enables development of pan-Dengue Toehold RNA sensors,Plos.org,2026-04-16T14:00:00Z,science
Burden of antimicrobial resistance in culture-confirmed Salmonella Typhi isolates in India from 1977 to 2024: A systematic review and meta-analysis,Plos.org,2026-04-16T14:00:00Z,science
FEMINIST 250: ‘Founding Feminists’ Public Syllabus,Ms. Magazine,2026-04-16T14:00:00Z,science
A computer without electricity? Mechanical computing concept 'could help improve people's lives' with all sorts of potential real-world uses,TechRadar,2026-04-16T13:36:04Z,science
"Astrana Health, Inc. (NASDAQ:ASTH) Given Average Rating of ""Moderate Buy"" by Analysts",MarketBeat,2026-04-16T13:17:16Z,science
Behold the Punny Titles of ‘Rick and Morty’ Season 9,Gizmodo.com,2026-04-16T13:00:01Z,science
Beyond Party Lines: Resonate Data Reveals What Actually Motivates 2026 Primary Voters and What Campaigns Need to Do About It,GlobeNewswire,2026-04-16T13:00:00Z,science
Fake banknotes mocked a US president. And are now worth thousands.,Popular Science,2026-04-16T13:00:00Z,science
Donald Clarke: A Greenland shark is the sort of chap you could go for a pint with,The Irish Times,2026-04-16T12:10:00Z,science
"DJI Osmo Pocket 4 won’t be available in the US officially, but XTRA MUSE 2 PRO Will",Geeky Gadgets,2026-04-16T12:04:24Z,science
Can Eye Makeup Harm Your Eyes? What to Know and Safer Alternatives,Women's Health,2026-04-16T12:03:55Z,science
Posthaste: Canada faces an entrepreneurial ‘drought’ as more businesses close than open,Financial Post,2026-04-16T12:00:45Z,science
A Diet High in These 3 Foods Can Reduce Heart Disease Risk,TODAY,2026-04-16T12:00:00Z,science
Thursday: Hili dialogue,Whyevolutionistrue.com,2026-04-16T11:45:59Z,science
"ACHIEVE-4, the longest Phase 3 study of Lilly's Foundayo (orforglipron) to date, reaffirmed its cardiovascular and overall safety profile as well as consistent improvements across key measures of cardiometabolic health",Crweworld.com,2026-04-16T11:30:40Z,science
"Helus Pharma Strengthens Medical Leadership by Appointing Dr. Ken Kramer as Senior Vice President, Medical Affairs",GlobeNewswire,2026-04-16T11:30:00Z,science
Inside That Weird Anti-Science Conference Where Trump’s EPA Chief Delivered the Keynote,Mother Jones,2026-04-16T11:30:00Z,science
How the American Oligarchy Went Hyperscale,Mother Jones,2026-04-16T11:00:00Z,science
"Creating Baby Geniuses to Thwart the AI Threat? (Yes, Really.)",Mother Jones,2026-04-16T11:00:00Z,science
Tech Billionaires Want Christians to Believe in AI,Mother Jones,2026-04-16T11:00:00Z,science
The Vivo X300 Ultra finally steps outside China with pre-order freebies,PhoneArena,2026-04-16T10:40:39Z,science
"This Is The Often Overlooked Cause Of Insulin Resistance (Nope, Not Sugar!)",mindbodygreen.com,2026-04-16T10:38:00Z,science
Desert Worlds in Habitable Zones Unlikely to Support Life Without Sufficient Surface Water,Spacewar.com,2026-04-16T10:25:55Z,science
Three-Body Exoplanet System TOI-201 Caught Changing Its Orbital Architecture in Real Time,Spacewar.com,2026-04-16T10:25:55Z,science
Sulfur Plays the Role of Oxygen in Mercury Magmas Reshaping How the Planet Formed,Spacewar.com,2026-04-16T10:25:55Z,science
BBC Science Focus editor Daniel Bennett says Apple News helped the title nearly double its editorial staff from six to 11 and reach 3M monthly page views (Alice Brooker/Press Gazette),Mediagazer.com,2026-04-16T10:10:01Z,science
A Joint Research Project With Université Laval Aims to Enable Aplantex to Increase Its Production of High-Value Molecules,Financial Post,2026-04-16T10:05:44Z,science
My surname makes people laugh. So I turned it into a research tool,The-independent.com,2026-04-16T10:03:20Z,science
Alycia Baumgardner is fighting for gender equality for women in the ring,NBC News,2026-04-16T10:00:41Z,science
"A Burning House, a Quiet Media, a Silenced Majority",Thenation.com,2026-04-16T09:50:00Z,science
1.3 bn people had liver disease globally in 2023: Lancet study,The Times of India,2026-04-16T09:31:02Z,science
​Who is Hungary’s Péter Magyar and how he overturned Viktor Orbán’s illiberal democracy,The Conversation Africa,2026-04-16T09:16:55Z,science
"2026 is the year payroll stacks break, and AI must grow up",TechRadar,2026-04-16T09:01:54Z,science
"House showdown: Democrat backed by Sanders, AOC faces Republican trying to flip blue-leaning district",Fox News,2026-04-16T09:00:19Z,science
The newest prediction markets guru is a middle schooler in braces,Business Insider,2026-04-16T09:00:02Z,science
The Blockheaded Thinking Behind Trump’s Plan for a Hormuz Blockade,Thenation.com,2026-04-16T09:00:00Z,science
American microbiologist behind global water safety breakthrough wins 2026 Lee Kuan Yew Water Prize,Associated Press,2026-04-16T08:52:43Z,science
IEA chief Birol named sole Turkish figure on Time’s most influential list,Hurriyet Daily News,2026-04-16T08:34:24Z,science
"What IBS, Vitamin D Deficiency & Diabetes Reveal About Brain Health",mindbodygreen.com,2026-04-16T08:31:00Z,science
OPINION: The Transphobia Of The Lesbian Action Group Will Not Save Them,Starobserver.com.au,2026-04-16T07:31:53Z,science
What we know about the cause and impact of the Viva Energy oil refinery fire,ABC News (AU),2026-04-16T07:10:42Z,science
How to tell if your dog is in pain and what to do if they are,ABC News (AU),2026-04-16T07:09:17Z,science
How Professors Shaped Some of Last Year’s Biggest Films and Television,Inside Higher Ed,2026-04-16T07:00:00Z,science
Xanadu Quantum Stock Surges 194% YTD: Buy the Photonic Computing Hype or Sell Before Reality Bites in 2026?,Ibtimes.com.au,2026-04-16T06:18:23Z,science
Deputy minister urges on-target strategy to close AI development gap,Antaranews.com,2026-04-16T06:16:00Z,science
"Study: Time-Restricted Eating Shows Weight Loss, Hormonal Benefits in Women with PCOS",Naturalnews.com,2026-04-16T06:00:00Z,science
Skeptical Science New Research for Week #16 2026,Skepticalscience.com,2026-04-16T05:23:40Z,science
"Galderma Launches New Alastin Regenerating Skin Nectar with TriHex+™, Powered by Its Next-Generation TriHex Technology® Regenerative Platform",Financial Post,2026-04-16T05:00:52Z,science
Computers go cyberpunk as Gen Z tricks out its own cyberdecks,The Week Magazine,2026-04-16T05:00:00Z,science
US Oil Exports Up A Few Million Barrels Per Day,Next Big Future,2026-04-16T04:47:00Z,science
British climbers complete new route in Swiss Alps,BBC News,2026-04-16T04:24:16Z,science
Terafab Equipment and Chip Orders,Next Big Future,2026-04-16T04:10:40Z,science
"Parkes Community: Incinerator project causes fear, mental health toll",Theland.com.au,2026-04-16T04:06:00Z,science
SpaceX Successfully Static Fires V3 Booster,Next Big Future,2026-04-16T03:49:12Z,science
Study Links Ultra-Processed Foods to Adolescent Obesity,Lifetechnology.com,2026-04-16T02:35:23Z,science
"CGTN: How China, Spain deepen ties amid global uncertainty",GlobeNewswire,2026-04-16T02:17:00Z,science
What Happens When Light Goes Boom? Part 1: The Scientist Who Stared at a Glow,Universe Today,2026-04-16T02:06:00Z,science
Yellowstone nearing eruption as new study finds magma brimming below the surface: scientists,Freerepublic.com,2026-04-16T02:03:00Z,science
Ethereum MACD Flashes Golden Cross—Price Surged 74%+ Last 3 Times,newsBTC,2026-04-16T02:00:41Z,science
Why is Tesla Up $28,Next Big Future,2026-04-16T01:55:24Z,science
GOP senator made emergency landing in jet owned by NASA chief he helped install,Raw Story,2026-04-16T01:47:11Z,science
Career tech programs take center stage at Montgomery Chamber ‘State of Schools’ event,WSFA,2026-04-16T00:56:28Z,science
South Dakota Neutrino Project At SURF Named 2026 Underground Project Of The Year,Kotatv,2026-04-16T00:00:00Z,science
The Unpublished Risk: Scientific Censorship and Lingering Questions on mRNA Vaccines,Shtfplan.com,2026-04-15T22:30:56Z,science
Path cleared for UTAS to sell Sandy Bay land for residential development,ABC News (AU),2026-04-15T22:10:38Z,science
California Dems in Disarray After Swalwell’s Exit,Daily Signal,2026-04-15T22:08:10Z,science
PROLLENIUM® Expands PACE with Launch of New Digital Training Portal,Financial Post,2026-04-15T22:04:10Z,science
"'Face lift' for Queensland dinosaur after discovery of 1,300 more bones",ABC News (AU),2026-04-15T21:55:41Z,science
"The alcohol crisis quietly hitting high-stress, “high-status” workers",Vox,2026-04-15T21:24:19Z,science
Retraction Watch testifies in Congressional hearing on scientific publishing,Retractionwatch.com,2026-04-15T21:00:42Z,science
Bayer Canada Supports New School of Medicine at Simon Fraser University (SFU) With Full Tuition Entrance Award for Inaugural Class,Financial Post,2026-04-15T20:42:43Z,science
"NVIDIA Will Be “Very, Very Large” Today Even If AI Didn’t Exist, Says CEO Jensen, But Also States He Would’ve Been Really Sad If There Was No AI",Wccftech,2026-04-15T20:00:07Z,science
The World Welcomes the Crew of Artemis II Home!,Universe Today,2026-04-15T19:54:49Z,science
'Maybe it’s not science fiction': Solar panels are causing rainwater to fall in one of the driest places on Earth,TechRadar,2026-04-15T19:45:00Z,science
Government responds after 'worst is yet to come' warning over fuel prices,LADbible,2026-04-15T19:39:44Z,science
Earth’s nighttime lights are getting more volatile — what does that mean?,Yale.edu,2026-04-15T19:30:27Z,science
"Scientists, fishers worried after long-spined urchin found on Tasmania's west coast",ABC News (AU),2026-04-15T19:14:24Z,science
4/22 7-8 AM GDC 3rd floor wireless maintenance outage,Utexas.edu,2026-04-15T19:06:25Z,science
Awards for Irish television to be presented tonight,RTE,2026-04-16T15:25:45Z,sports
Astros' $54M pitcher blames arm fatigue on struggle to adjust to American lifestyle,Fox News,2026-04-16T15:24:37Z,sports
Read the memo from Disney's brand chief about why the marketing team got hit hard by layoffs,Business Insider,2026-04-16T15:23:49Z,sports
UNC basketball named an early loser in transfer portal,USA Today,2026-04-16T15:19:08Z,sports
LIV Golf's remaining nine events are fully funded. What's left?,USA Today,2026-04-16T15:15:37Z,sports
"2027 4-star WR Julian Caldwell announces commitment date, Ducks in mix",USA Today,2026-04-16T15:14:37Z,sports
"Royals vs. Tigers prediction: Odds, recent stats, trends, and best bets for April 16",NBCSports.com,2026-04-16T15:07:35Z,sports
Tiger Woods' attorney fights subpoena for prescription drug records in DUI case: reports,Fox News,2026-04-16T15:05:21Z,sports
Howe's future at a 'crossroads' as Newcastle's transfer priorities revealed,Sky Sports,2026-04-16T15:02:00Z,sports
UCLA MBB Signs Two High School Recruits For 2026-27 Season,Lasportsreport.com,2026-04-16T15:00:00Z,sports
Match Preview: Brentford v Fulham,Brentfordfc.com,2026-04-16T15:00:00Z,sports
All Seasons of Alan Ritchson’s 8.3 IMDb Sitcom Are Leaving Netflix,ComingSoon.net,2026-04-16T15:00:00Z,sports
Vampiro Reflects on His Amazing Career as He Gets Ready to Rock One Last Time,TVInsider,2026-04-16T14:54:34Z,sports
"Patriots links 4/16/26: Finding prospect fits: S, OT, LB, ST",Pats Pulpit,2026-04-16T14:50:01Z,sports
"Celtics vs. 76ers schedule: Dates, times, TV channels, scores for 2026 NBA Playoffs first-round series",Sporting News,2026-04-16T14:39:32Z,sports
"From Medicine to Marketing, Architecture to Advertising: A Diverse Cohort Graduates from MICA 2026  | Loktej Business News",Loktej.com,2026-04-16T14:35:24Z,sports
“What we give doesn’t always return”: Sarah Jane Ramos sounds off after Dak Prescott split as custody talks stay peaceful,The Times of India,2026-04-16T14:32:02Z,sports
"U.S. Senator to introduce bill aimed at ending sports blackouts, making games easier to watch for fans",Yahoo Entertainment,2026-04-16T14:21:28Z,sports
"In Warriors’ win, Al Horford did ‘one of the most difficult things in sports’",New York Post,2026-04-16T14:19:09Z,sports
"Doping is a ‘big problem’ in India, global anti-doping body chief says",Al Jazeera English,2026-04-16T14:16:14Z,sports
Georgio Poullas just showed Arman Tsarukyan what their RAF rivalry bought him,Sporting News,2026-04-16T14:14:26Z,sports
FIFA ‘surprised’ by US backlash as transport costs skyrocket at World Cup,Al Jazeera English,2026-04-16T14:13:31Z,sports
MTA hiring for major infrastructure project in NYC,WPIX 11 New York,2026-04-16T14:10:08Z,sports
Angelo Stiller responds to Luke Littler’s “please come” to Man United plea,The Peoples Person,2026-04-16T14:10:00Z,sports
"Toronto Maple Leafs management dysfunction allegations reported cost cutting claims, management controversies and NHL trade uncertainty issues",The Times of India,2026-04-16T14:09:14Z,sports
Beef Recap: Everyone Is Scamming,Vulture,2026-04-16T14:00:46Z,sports
"How to watch Premier League Darts 2026 Rotterdam: Live stream, TV channel and schedule",Sporting News,2026-04-16T14:00:01Z,sports
Vancouver Canucks star Elias Pettersson’s wife Katelyn Pettersson shares grief after second miscarriage loss publicly amid Canucks NHL playoff season,The Times of India,2026-04-16T13:55:17Z,sports
Sheffield Wednesday's future depends on crucial next three weeks,Sky Sports,2026-04-16T13:52:00Z,sports
Chargers Daily Links: Thursday Open Thread,Bolts From The Blue,2026-04-16T13:50:00Z,sports
Why PR Experts And Social Media Stars Think Megan Fox Is Losing Out On Millions,CinemaBlend,2026-04-16T13:48:42Z,sports
Another Drug Boat Bombing,Reason,2026-04-16T13:38:37Z,sports
WATCH: Hegseth says Americans 'see the success' in Iran,PBS,2026-04-16T13:38:23Z,sports
Jeremy Swayman playing status update boosts Boston Bruins ahead of Buffalo Sabres NHL playoff series,The Times of India,2026-04-16T13:36:02Z,sports
"Cowboys Headlines: Draft trade buzz explodes, new uniforms for the ops",USA Today,2026-04-16T13:31:43Z,sports
I found a hidden live TV section on my smart TV that I'd been missing for years,MakeUseOf,2026-04-16T13:30:58Z,sports
LIV Golf 2026 Season Pushes Forward Despite Saudi Funding Uncertainty and Billions in Losses,Ibtimes.com.au,2026-04-16T13:30:36Z,sports
Business News | Savills India Earns Great Place to Work Certification 2026; Recognised Among India's Best Workplaces in Health & Wellness,LatestLY,2026-04-16T13:22:58Z,sports
LIV Golf leader says the show will go on amid reports of Saudi funding uncertainty,NBCSports.com,2026-04-16T13:20:32Z,sports
Hockey legend Wayne Gretzky chooses Connor McDavid ahead of Nikita Kucherov in NHL Hart Trophy race,The Times of India,2026-04-16T13:19:43Z,sports
"How to watch Aston Villa v Bologna, team news, predicted line-ups and more",Hayters.com,2026-04-16T13:10:00Z,sports
"How to watch Nottingham Forest v Porto, team news, predicted line-ups and more",Hayters.com,2026-04-16T13:10:00Z,sports
"How to watch Fiorentina v Crystal Palace, team news, predicted line-ups and more",Hayters.com,2026-04-16T13:10:00Z,sports
Victory+ Brings Dallas Cowboys Content to Fans for Free in Major Multi-Year Streaming Partnership,Financial Post,2026-04-16T13:09:58Z,sports
Ottawa Senators captain Brady Tkachuk injury update raises concerns ahead of NHL playoff series opener against Carolina Hurricanes,The Times of India,2026-04-16T13:03:01Z,sports
Paramount’s Upfront Pitch Is About Three Things,AdExchanger,2026-04-16T13:00:37Z,sports
"Cubs 11, Phillies 2: Shōta Imanaga dominates and Nico Hoerner drives in five",Bleed Cubbie Blue,2026-04-16T13:00:00Z,sports
TruGolf Reports Fourth Quarter and Full Year 2025 Results,GlobeNewswire,2026-04-16T13:00:00Z,sports
Where Wisconsin basketball ranks in early 2026-27 season projection,USA Today,2026-04-16T12:56:02Z,sports
Trump Makes Endorsement in Key House Race,Daily Signal,2026-04-16T12:50:22Z,sports
Disney Adults NEED to STOP Breaking this Magic Kingdom Rule,disneyfoodblog.com,2026-04-16T12:50:14Z,sports
"Angels vs. Yankees prediction: Odds, recent stats, trends, and best bets for April 16",NBCSports.com,2026-04-16T12:45:08Z,sports
White Sox longtime anthem singer collapses on field while performing Black national anthem,Fox News,2026-04-16T12:43:17Z,sports
Icon League star in exclusive interview: Ian Prescott's own path,Onefootball.com,2026-04-16T12:43:00Z,sports
"Beacon Software Acquires E2E Soccer, Expanding Its Soccer Platform to Be the Leading Integrated Solution for Canadian Leagues and Clubs",Financial Post,2026-04-16T12:38:32Z,sports
Viant Probably Wouldn’t Have Acquired TVision If It Hadn’t Bought IRIS.TV First,AdExchanger,2026-04-16T12:35:58Z,sports
"Today News Headlines for School Assembly, April 17, 2026: Women’s reservation debate, IPL 2026, IMF growth outlook, and CBSE announcements",The Indian Express,2026-04-16T12:29:04Z,sports
Mail: The Sussexes’ Oz tour is causing ‘a definite sense of irritation in royal circles’,Celebitchy.com,2026-04-16T12:25:20Z,sports
Official: Disney World Confirms Major Hotel Perks Returning in 2027 — Here’s Why You’ll Want to Stay On-Property!,Inside the Magic,2026-04-16T12:22:57Z,sports
"India’s doping problem serious but efforts sincere, says WADA chief Witold Banka",BusinessLine,2026-04-16T12:10:47Z,sports
Jets draft rumor from CBS Sports reveals favorite among 2 possible picks at No. 2,Sporting News,2026-04-16T12:09:44Z,sports
"DraftKings Announces Intent to Launch Online Sportsbook and Casino in Alberta, Canada",Financial Post,2026-04-16T12:08:30Z,sports
Crystal Palace predicted lineup and team news vs Fiorentina,The Football Faithful,2026-04-16T12:05:00Z,sports
Rogers Expands Satellite-to-Mobile Coverage to the U.S.,Financial Post,2026-04-16T12:02:47Z,sports
"Chicago Cubs news and notes — Wiggins, Horton, Hodge, Rea, Hoerner, Hartshorn, Kelly, Alcantara",Bleed Cubbie Blue,2026-04-16T12:00:00Z,sports
Sydney Sweeney’s Adult NSFW Series Wins Ongoing Streaming War,ComingSoon.net,2026-04-16T12:00:00Z,sports
"Caine Praises Sailors, Marines Enforcing Iran Blockade",Globalsecurity.org,2026-04-16T12:00:00Z,sports
2 Seasons of a Netflix Original To Leave & Become a Prime Video Exclusive,ComingSoon.net,2026-04-16T12:00:00Z,sports
Show HN: VPN vs. Proxy Safety Comparison (with leak testing tools),Examineip.com,2026-04-16T11:55:54Z,sports
"2026 Toyota Yaris Cross for Europe debuts – 1.5L NA 3-cylinder hybrid, up to 130 PS, new GR Sport variant",Paul Tan's Automotive News,2026-04-16T11:53:05Z,sports
Gov. Mikie Sherrill demands FIFA foot the bill for World Cup transportation after reports NJ Transit could inflate train tickets by 775%,Freerepublic.com,2026-04-16T11:43:28Z,sports
"One week out from the NFL Draft: Intel, rumors and what we're hearing",CBS Sports,2026-04-16T11:39:34Z,sports
"PREVIEW | Brentford vs Fulham - team news, lineups, predictions",Playmakerstats.com,2026-04-16T11:35:00Z,sports
The Hoddle of Coffee: Tottenham news and links for Thurs. April 15,SB Nation,2026-04-16T11:34:31Z,sports
Curry leads Warriors to comeback win over Clippers - NBA,Slashdot.org,2026-04-16T11:32:15Z,sports
Why foreign automakers dominate the sedan market,CNBC,2026-04-16T11:30:01Z,sports
"Live Nation Illegally Monopolized Ticketing Market, Jury in Antitrust Trial Finds",TODAY,2026-04-16T11:22:06Z,sports
Mets' Jorge Polanco injury news isn't good at all,Sporting News,2026-04-16T11:16:23Z,sports
Prep talk: School cellphone bans are forcing students to talk again,Yahoo Entertainment,2026-04-16T11:15:00Z,sports
Internal Supreme Court tensions spill into public view,Yahoo Entertainment,2026-04-16T11:02:35Z,sports
2027 Disney World Vacation Packages Are Now Open!,allears.net,2026-04-16T11:01:13Z,sports
SN Archive (2003): Michael Jordan's wasn't viewed as a winner... until this game,Sporting News,2026-04-16T11:00:02Z,sports
Tech Billionaires Want Christians to Believe in AI,Mother Jones,2026-04-16T11:00:00Z,sports
Historic Israel-Lebanon talks to take place for first time in decades and more top headlines,Fox News,2026-04-16T10:52:24Z,sports
"Gianni Infantino confirms first-ever FIFA World Cup final halftime show for 2026 inspired by NFL Super Bowl, Coldplay’s Chris Martin to curate mega event",The Times of India,2026-04-16T10:51:33Z,sports
"RBC Heritage 2026 tees off, boosting Hilton Head economy",WSAV-TV,2026-04-16T10:40:27Z,sports
MM 4.16: Kori Edmondson and Maddy Sterling selected in inaugural WLL Draft,Testudo Times,2026-04-16T10:30:00Z,sports
“Gonna eat that up”- Ryan Garcia confirms August showdown with Conor Benn on livestream in Las Vegas for WBC welterweight title defense,The Times of India,2026-04-16T10:10:22Z,sports
What is CBS Sports' bold prediction for the Sooners in 2026?,USA Today,2026-04-16T10:08:07Z,sports
“Most Trolled Person In The Entire World”: Meghan Markle’s Comments About Online Bullying Spark Backlash,Boredpanda.com,2026-04-16T15:29:52Z,technology
"Trump administration looks to Ford, GM in WWII-style weapons push: report",New York Post,2026-04-16T15:26:30Z,technology
New FBI warning reveals phishing attacks hitting private chats,Fox News,2026-04-16T15:23:38Z,technology
Precore Gold Completes Data Compilation and Readies for AI Driven Drill Target Identification at Their Lac Big-Rush Gold Property in Quebec,GlobeNewswire,2026-04-16T15:22:00Z,technology
S&P 500 Climbs to Fresh Record High Near 7038 as Tech Earnings Optimism Overshadows Geopolitical Risks,Ibtimes.com.au,2026-04-16T15:21:50Z,technology
"ABBYY, IBM & Red Hat announce DocLang, open source universal document format",ComputerWeekly.com,2026-04-16T15:16:28Z,technology
The U.S. Imports 95% of Its Uranium. One Nasdaq-Listed Newcomer is the Largest Conventional Deposit in the Country,GlobeNewswire,2026-04-16T15:08:00Z,technology
"Walmart Deepens Commitment to Massachusetts, Fueling Long-Term Impact and Future Statewide Investments",Associated Press,2026-04-16T15:06:40Z,technology
Apple and Google Continue to Offer 'Nudify' Apps that Use AI to Generate Deepfake Porn,Breitbart News,2026-04-16T15:02:20Z,technology
Rumble Stock Rockets 18 Percent as Video Platform Launches Exchange Offer for AI Powerhouse Northern Data,Ibtimes.com.au,2026-04-16T15:02:13Z,technology
Schneider Electric unveils next generation agentic manufacturing capabilities powered by Microsoft Azure AI at Hannover Messe 2026,Financial Post,2026-04-16T15:01:24Z,technology
The BLUETTI FridgePower — Real-World Review,CleanTechnica,2026-04-16T15:00:52Z,technology
Samsung Galaxy Z Fold 8: July 22 Unpacked Date and London Venue,Geeky Gadgets,2026-04-16T15:00:39Z,technology
The Infrastructure Play Hiding in Plain Sight Across Cardiac Care,Financial Post,2026-04-16T15:00:16Z,technology
BLUETTI Launches FridgePower on Kickstarter to Address Rising Power Outages in Canada,Financial Post,2026-04-16T15:00:10Z,technology
The Supreme Court Is Functioning Better Than You Think,Rolling Stone,2026-04-16T15:00:00Z,technology
HII to Showcase Company’s Role as America’s Seapower Company at Sea-Air-Space 2026,GlobeNewswire,2026-04-16T15:00:00Z,technology
Last Words from the Late Vivian Connell,Dianeravitch.net,2026-04-16T15:00:00Z,technology
The Infrastructure Play Hiding in Plain Sight Across Cardiac Care,GlobeNewswire,2026-04-16T15:00:00Z,technology
Crypto for Advisors: Tokenization’s evolution,CoinDesk,2026-04-16T15:00:00Z,technology
"Post-Quantum Cryptography Migration at Meta: Framework, Lessons, and Takeaways",Fb.com,2026-04-16T14:59:44Z,technology
Quantum stocks on pace for a massive week after Nvidia debuts AI models to boost the tech,CNBC,2026-04-16T14:56:58Z,technology
Coventry Ranks #1 in 2025 Life Settlement League Table Report,Financial Post,2026-04-16T14:50:00Z,technology
"Super Micro Computer Shareholder Alert: ClaimsFiler Reminds Investors With Losses In Excess Of $100,000 Of Lead Plaintiff Deadline In Class Action Lawsuits Against Super Micro Computer, Inc. - SMCI",GlobeNewswire,2026-04-16T14:35:00Z,technology
Field Notes: FedEx CFO Departs as Critical Loop Charges Up,WWD,2026-04-16T14:35:00Z,technology
Tyler Robinson judge unseals ATF report in assassination of Charlie Kirk,Fox News,2026-04-16T14:34:26Z,technology
World has changed but our parents career advice has not: Bengaluru CEO questions uncle’s computer engineering only advice for Class 12 pass cousin,The Times of India,2026-04-16T14:33:51Z,technology
Autodesk Donates $1.95 Million to Howard University and Celebrates the Opening of a New Makerspace,GlobeNewswire,2026-04-16T14:33:00Z,technology
Iran war: US ready to attack if no Iran deal reached,DW (English),2026-04-16T14:32:00Z,technology
French Open prize money to increase by 9.5%,BBC News,2026-04-16T14:29:04Z,technology
French Open prize money to increase by 9.5%,BBC News,2026-04-16T14:28:59Z,technology
Trump List of Saved Projects Spares $5 Billion Hydrogen Hubs,Financial Post,2026-04-16T14:27:36Z,technology
"Walmart Deepens Commitment to North Carolina, Fueling Long-Term Impact and Future Statewide Investments",Associated Press,2026-04-16T14:27:23Z,technology
"Apple hits record recycled material use, eliminates plastic packaging",Cult of Mac,2026-04-16T14:25:56Z,technology
"AI helped CIBC save 1.2 million hours, cut mortgage approval times at TD, CEOs say",Financial Post,2026-04-16T14:22:20Z,technology
NMG Announces Closing of US$96.5 Million Equity Public Offering,Financial Post,2026-04-16T14:20:35Z,technology
"What’s up with… Really Wireless, smartphones, VodafoneThree",TelecomTV,2026-04-16T14:20:30Z,technology
Aehr Test Systems Stock Explodes 17 Percent on Massive $41 Million AI Chip Testing Order,Ibtimes.com.au,2026-04-16T14:19:41Z,technology
NPR receives $113 million in charitable gifts,NPR,2026-04-16T14:18:37Z,technology
Eurofins CDMO Alphora Announces Integration of Advanced Continuous Flow Technology in API Manufacturing,Financial Post,2026-04-16T14:10:42Z,technology
Textron Aviation Expands High‑Speed Cabin Connectivity With Gogo 5G Upgrade for Cessna Citation Business Jets,Financial Post,2026-04-16T14:10:30Z,technology
Wärtsilä’s 34SG engine makes its data center debut with new 412 MW U.S. project,GlobeNewswire,2026-04-16T14:10:00Z,technology
Netflix Stock Dips Slightly Ahead of Crucial Q1 Earnings Report Expected to Show Strong Growth,Ibtimes.com.au,2026-04-16T14:07:56Z,technology
SMU launches Longevity Societies and Economies Institute to advance knowledge and innovation for Singapore’s longevity transition,BusinessLine,2026-04-16T14:05:21Z,technology
Altus Group Recognized as “Data Solution of the Year for Real Estate” in 2026 Data Breakthrough Awards,Financial Post,2026-04-16T14:04:09Z,technology
FEMINIST 250: ‘Founding Feminists’ Public Syllabus,Ms. Magazine,2026-04-16T14:00:00Z,technology
Justin Fairfax & Wife Dead in Murder-Suicide: Updates,New York Magazine,2026-04-16T13:58:00Z,technology
Alphabet Stock Dips Slightly to $333.97 as Investors Await Q1 Earnings and Massive AI Spending,Ibtimes.com.au,2026-04-16T13:55:34Z,technology
'The AI Doc' director says ‘F*ck you’ to AI companies stealing artists’ IP,Mashable,2026-04-16T13:47:21Z,technology
Ronan Farrow on Sam Altman’s ‘unconstrained’ relationship with the truth,The Verge,2026-04-16T13:47:17Z,technology
Muppets Coaster Previews Are Coming To Disney and Passholders Could Be on The List,Inside the Magic,2026-04-16T13:47:03Z,technology
AMA: Clinician burnout in specialties persists as overall rates drop,Techtarget.com,2026-04-16T13:46:00Z,technology
Let there be light: First iPhone variable-aperture camera enters production,Cult of Mac,2026-04-16T13:45:47Z,technology
"'Towards a full private digital workspace': Tuta debuts quantum-resistant cloud storage ahead of Google Drive, OneDrive",TechRadar,2026-04-16T13:45:33Z,technology
GameStop Stock Holds Steady Near $24.73 as Cash Pile Fuels Acquisition Buzz in 2026,Ibtimes.com.au,2026-04-16T13:44:30Z,technology
Experian Named a 2026 CIO 100 Award Winner,Financial Post,2026-04-16T13:39:55Z,technology
Andersen Consulting Adds Collaborating Firm Nuvolar,Financial Post,2026-04-16T13:39:48Z,technology
Jim Cramer on GigaCloud Technology: “It’s Very Inexpensive”,Yahoo Entertainment,2026-04-16T13:39:48Z,technology
Tesla Stock Dips to $386 as Post-Surge Profit-Taking Hits Ahead of Q1 Earnings,Ibtimes.com.au,2026-04-16T13:39:15Z,technology
"Dow Jones Hits 48,592 Amid Iran Ceasefire Hopes as Markets Eye Diplomatic Breakthrough",Ibtimes.com.au,2026-04-16T13:36:28Z,technology
Jim Cramer on Uber: “This Sell-Off Is Creating Bargains”,Yahoo Entertainment,2026-04-16T13:35:33Z,technology
NUMERATOR LAUNCHES REAL-TIME ATTRIBUTION AND ANNOUNCES UPDATED BENCHMARKS TO FOLLOW LATER IN 2026,Financial Post,2026-04-16T13:33:38Z,technology
A Crucial iPhone 18 Pro Component Enters Production And It Could Become A Major Selling Point For Millions Later This Year,Wccftech,2026-04-16T13:27:02Z,technology
Apple and Nvida chipmaker TSMC reports huge jump in profits amid Iran war,The-independent.com,2026-04-16T13:21:06Z,technology
"Fullscript Journeys Launches, Putting 125,000 Providers Back at the Center of the DTC Health Boom",Financial Post,2026-04-16T13:19:32Z,technology
"Astrana Health, Inc. (NASDAQ:ASTH) Given Average Rating of ""Moderate Buy"" by Analysts",MarketBeat,2026-04-16T13:17:16Z,technology
Amex Acquires Hyper to Boost AI and Expense Management Offerings,pymnts.com,2026-04-16T13:15:39Z,technology
Intel Just Launched Its MacBook Neo Competitor: Wildcat Lake For Everyday PCs,Wccftech,2026-04-16T13:15:18Z,technology
NurExone Biologic Inc. Announces Fourth Quarter and Full-Year 2025 Financial Results and Provides Corporate Update,GlobeNewswire,2026-04-16T13:15:00Z,technology
Maase Inc Stock 2026: Volatile AI Pivot Sparks Buy Debate as Shares Surge on Acquisitions,Ibtimes.com.au,2026-04-16T13:14:05Z,technology
Victory+ Brings Dallas Cowboys Content to Fans for Free in Major Multi-Year Streaming Partnership,Financial Post,2026-04-16T13:09:58Z,technology
"Canva Unveils Canva AI 2.0, Reimagining How The World Designs and Works",Financial Post,2026-04-16T13:09:44Z,technology
Chemelex Makes Minority Investment in Algo8 to Advance AI-Driven Manufacturing,Financial Post,2026-04-16T13:09:24Z,technology
"Thursday, April 16, 2026",Kffhealthnews.org,2026-04-16T13:05:05Z,technology
"As the Counter-Drone Era Goes Mainstream, This Nasdaq AI Defense Stock Just Landed a World Cup Deployment Order",Financial Post,2026-04-16T13:03:39Z,technology
The Quiet Shift Replacing Million-Dollar Heart Scanners With Software,Financial Post,2026-04-16T13:03:31Z,technology
Port of Prince Rupert Cargo Surges 14% as DP World Expands Capacity,Financial Post,2026-04-16T13:03:18Z,technology
"Philips receives FDA 510(k) clearance for Verida, the world’s first AI-powered detector-based spectral CT*, advancing diagnostic precision across clinical applications",Financial Post,2026-04-16T13:03:09Z,technology
"Philips receives FDA 510(k) clearance for Verida, the world’s first AI-powered detector-based spectral CT*, advancing diagnostic precision across clinical applications",GlobeNewswire,2026-04-16T13:00:00Z,technology
TruGolf Reports Fourth Quarter and Full Year 2025 Results,GlobeNewswire,2026-04-16T13:00:00Z,technology
"Canva debuts a new suite of agentic tools, as the design app quietly becomes one of the world’s most used AI services",Fortune,2026-04-16T13:00:00Z,technology
"Portnoy Law Firm Announces Class Action on Behalf of Super Micro Computer, Inc. Investors",GlobeNewswire,2026-04-16T13:00:00Z,technology
Toxic Gas-Emitting Plants Get Pollution Reprieve Under Trump,Insurance Journal,2026-04-16T12:52:18Z,technology
The UK is alarmingly unprepared for the threats it faces – security expert explains why,The Conversation Africa,2026-04-16T12:49:19Z,technology
"Beacon Software Acquires E2E Soccer, Expanding Its Soccer Platform to Be the Leading Integrated Solution for Canadian Leagues and Clubs",Financial Post,2026-04-16T12:38:32Z,technology
"DarkPulse, Inc. to Present at the Oil & Gas Virtual Investor Conference April 16th",Financial Post,2026-04-16T12:37:33Z,technology
Official: Disney World Confirms Major Hotel Perks Returning in 2027 — Here’s Why You’ll Want to Stay On-Property!,Inside the Magic,2026-04-16T12:22:57Z,technology
Lexitas Chief Legal Officer Ryan Casey Named to Law360’s 2026 Editorial Advisory Board,GlobeNewswire,2026-04-16T12:17:00Z,technology
Checkmarx Named Winner of the Esteemed Global InfoSec Awards,GlobeNewswire,2026-04-16T12:12:00Z,technology
"The Download: cyberscammers’ banking bypasses, and carbon removal troubles",MIT Technology Review,2026-04-16T12:10:00Z,technology
Donald Clarke: A Greenland shark is the sort of chap you could go for a pint with,The Irish Times,2026-04-16T12:10:00Z,technology
Champagne to discuss Anthropic at meeting with Bessent,Financial Post,2026-04-16T12:09:10Z,technology
"DraftKings Announces Intent to Launch Online Sportsbook and Casino in Alberta, Canada",Financial Post,2026-04-16T12:08:30Z,technology
“Most Trolled Person In The Entire World”: Meghan Markle’s Comments About Online Bullying Spark Backlash,Boredpanda.com,2026-04-16T15:29:52Z,business
"Top Business & Market Headlines Today — BL Morning Report, April 17, 2026",BusinessLine,2026-04-16T15:26:46Z,business
"Trump administration looks to Ford, GM in WWII-style weapons push: report",New York Post,2026-04-16T15:26:30Z,business
Precore Gold Completes Data Compilation and Readies for AI Driven Drill Target Identification at Their Lac Big-Rush Gold Property in Quebec,Financial Post,2026-04-16T15:26:02Z,business
"Memo: Condé Nast is shuttering Self magazine, folding its content into other brands, and winding down Glamour's publishing arms in Mexico, Spain, and Germany (Corbin Bolies/The Wrap)",Mediagazer.com,2026-04-16T15:25:02Z,business
Brian Williams To Host Podcast Series For Netflix,Deadline,2026-04-16T15:24:35Z,business
Read the memo from Disney's brand chief about why the marketing team got hit hard by layoffs,Business Insider,2026-04-16T15:23:49Z,business
New FBI warning reveals phishing attacks hitting private chats,Fox News,2026-04-16T15:23:38Z,business
Harmeet Dhillon: Semiautomatic Rifles Like the AR-15 'Are Protected by the Constitution',Breitbart News,2026-04-16T15:23:27Z,business
Saint Leo University Expands Online Graduate Programs for Florida Working Professionals,GlobeNewswire,2026-04-16T15:22:00Z,business
Precore Gold Completes Data Compilation and Readies for AI Driven Drill Target Identification at Their Lac Big-Rush Gold Property in Quebec,GlobeNewswire,2026-04-16T15:22:00Z,business
"Partners approve Hogan Lovells Cadwalader, a proposed $3.6B global firm",Abajournal.com,2026-04-16T15:22:00Z,business
Former MSNBC Host Brian Williams to Join Netflix With Interview Podcast: ‘The Perfect Home’,Mediaite,2026-04-16T15:20:08Z,business
"Foundation, a Prominent NFT Platform of the 2021 Boom, Shuts Down After Failed Sale",ARTnews,2026-04-16T15:18:46Z,business
Netflix Enlists Brian Williams for New Podcast ‘We’re Back!’,Variety,2026-04-16T15:17:57Z,business
"HSBC Reduces to Hold from Buy on NIKE, Inc. (NKE)",Yahoo Entertainment,2026-04-16T15:17:48Z,business
Spencer Pratt’s LA mayoral bid backed by Joe Rogan: ‘I’m rooting for you’,The-independent.com,2026-04-16T15:15:01Z,business
"Quaint Oak Bancorp, Inc. Declares Quarterly Cash Dividend",GlobeNewswire,2026-04-16T15:15:00Z,business
"Heritage Signs & Displays Strengthens Washington DC Leadership with Arlington, VA Expansion",Associated Press,2026-04-16T15:11:16Z,business
"Temporary Foreign Worker Permits for Truckers More Than Quadruple, Study Finds",Financial Post,2026-04-16T15:10:32Z,business
The U.S. Imports 95% of Its Uranium. One Nasdaq-Listed Newcomer is the Largest Conventional Deposit in the Country,GlobeNewswire,2026-04-16T15:08:00Z,business
"Walmart Deepens Commitment to Massachusetts, Fueling Long-Term Impact and Future Statewide Investments",Associated Press,2026-04-16T15:06:40Z,business
Pragmata PC performance tested: 18 GPUs take us to the Moon,Tom's Hardware UK,2026-04-16T15:06:07Z,business
Rogers Sugar Inc.: Conference Call – 2nd Quarter 2026 Results,Financial Post,2026-04-16T15:05:18Z,business
NPR receives two of its largest ever gifts: $80M for innovation in use of digital tech and $33M to build and buy tools to be shared with US public media orgs (David Folkenflik/NPR),Mediagazer.com,2026-04-16T15:05:00Z,business
Rumble Stock Rockets 18 Percent as Video Platform Launches Exchange Offer for AI Powerhouse Northern Data,Ibtimes.com.au,2026-04-16T15:02:13Z,business
Howe's future at a 'crossroads' as Newcastle's transfer priorities revealed,Sky Sports,2026-04-16T15:02:00Z,business
Schneider Electric unveils next generation agentic manufacturing capabilities powered by Microsoft Azure AI at Hannover Messe 2026,Financial Post,2026-04-16T15:01:24Z,business
Brian Williams Returns: Former Anchor Launching NETFLIX Podcast...,Hollywood Reporter,2026-04-16T15:00:13Z,business
BLUETTI Launches FridgePower on Kickstarter to Address Rising Power Outages in Canada,Financial Post,2026-04-16T15:00:10Z,business
"Gemini Space Station, Inc. (GEMI) Class Action Lawsuit Seeks Recovery for Investors; May 15, 2026, Deadline - Contact Kessler Topaz Meltzer & Check, LLP",GlobeNewswire,2026-04-16T15:00:00Z,business
"Adobe 拷 (Acrobat / Acrobat Reader, InDesign, InCopy, Experience Manager Screens, FrameMaker, Connect, ColdFusion, Bridge, Photoshop, DNG SDK, Illustrator) (Adobe, 2026.04.14)",Ryukoku.ac.jp,2026-04-16T15:00:00Z,business
"(techK / note, 2025.12.22) ゃShell ...",Ryukoku.ac.jp,2026-04-16T15:00:00Z,business
Scott Galloway’s ‘Prof G Markets’ Set for National Tour | Exclusive,TheWrap,2026-04-16T15:00:00Z,business
Miss Succession? Brian Cox's new movie Glenrothan will make you rethink dysfunctional family dynamics all over again — and is a world away from Waystar Royco,TechRadar,2026-04-16T15:00:00Z,business
"Chrome 147 Stable Channel Update for Desktop (Google, 2026.04.15)",Ryukoku.ac.jp,2026-04-16T15:00:00Z,business
Last Words from the Late Vivian Connell,Dianeravitch.net,2026-04-16T15:00:00Z,business
羇腥帥温恰賢援菴х箴茯翠膓 (若 4/16) c若ー攻菴処掘 ...,Ryukoku.ac.jp,2026-04-16T15:00:00Z,business
"2026 綛4 禹礇絅磧彜羂 (Microsoft, 2026.04.14)",Ryukoku.ac.jp,2026-04-16T15:00:00Z,business
"(The War Zone, 4/16)「紂 30mm 罘牙 XM ...",Ryukoku.ac.jp,2026-04-16T15:00:00Z,business
(2026.04.17) (various),Ryukoku.ac.jp,2026-04-16T15:00:00Z,business
GOP firebrand vows to strip Swalwell and Gonzales of lifetime taxpayer-funded benefits,Fox News,2026-04-16T14:58:07Z,business
Vampiro Reflects on His Amazing Career as He Gets Ready to Rock One Last Time,TVInsider,2026-04-16T14:54:34Z,business
Netflix earnings put focus back on basics as merger overhang clears,Financial Post,2026-04-16T14:53:23Z,business
Coventry Ranks #1 in 2025 Life Settlement League Table Report,Financial Post,2026-04-16T14:50:00Z,business
"Jury finds Ticketmaster, Live Nation run monopoly",The Week Magazine,2026-04-16T14:49:39Z,business
IMF Slashes Growth Outlook for Gulf Oil States on Iran War Shock,Financial Post,2026-04-16T14:47:53Z,business
Trump's ceasefire crumbles as nuclear nightmare scenario remains imminent threat,Raw Story,2026-04-16T14:46:41Z,business
French Police Rescue Mother and Child After $400K Crypto Ransom Kidnapping,Decrypt,2026-04-16T14:46:38Z,business
5 ways to improve your AI brand visibility (Using Yoast AI Brand Insights),Yoast.com,2026-04-16T14:45:23Z,business
SmartCentres Declares Distribution for April 2026,Financial Post,2026-04-16T14:40:56Z,business
"Nolte: Mamdani Grocery Store Will Take 3 Years to Build, Cost Absurd $30M",Breitbart News,2026-04-16T14:39:13Z,business
'It's a lot of fun': Blackmagic just turned the Apple Watch into the ultimate remote for iPhone filming,TechRadar,2026-04-16T14:37:48Z,business
Is Donald Trump Trying to Create a Nuclear Narrative as His Escape Ramp from the War with Iran?,Globalresearch.ca,2026-04-16T14:37:24Z,business
California Schemin’: James McAvoy’s ‘assured’ directing debut is a ‘blast’,The Week Magazine,2026-04-16T14:35:58Z,business
"From Medicine to Marketing, Architecture to Advertising: A Diverse Cohort Graduates from MICA 2026  | Loktej Business News",Loktej.com,2026-04-16T14:35:24Z,business
"Super Micro Computer Shareholder Alert: ClaimsFiler Reminds Investors With Losses In Excess Of $100,000 Of Lead Plaintiff Deadline In Class Action Lawsuits Against Super Micro Computer, Inc. - SMCI",GlobeNewswire,2026-04-16T14:35:00Z,business
"An ancient Microsoft Excel security flaw could let hackers hijack your entire system, so patch now",TechRadar,2026-04-16T14:35:00Z,business
Field Notes: FedEx CFO Departs as Critical Loop Charges Up,WWD,2026-04-16T14:35:00Z,business
World has changed but our parents career advice has not: Bengaluru CEO questions uncle’s computer engineering only advice for Class 12 pass cousin,The Times of India,2026-04-16T14:33:51Z,business
Autodesk Donates $1.95 Million to Howard University and Celebrates the Opening of a New Makerspace,GlobeNewswire,2026-04-16T14:33:00Z,business
"NASDAQ: IBRX: Kessler Topaz Meltzer & Check, LLP Announces the Filing of a Securities Fraud Class Action Lawsuit Against ImmunityBio, Inc.",GlobeNewswire,2026-04-16T14:31:00Z,business
NBC and the NYT appear to be duped by a discredited technique: facilitated communication,Whyevolutionistrue.com,2026-04-16T14:30:48Z,business
Brian Williams to Host Netflix Interview Podcast Series ‘We’re Back!’,TheWrap,2026-04-16T14:29:47Z,business
US Says 13 Ships Turned Around Rather Than Test Blockade,Financial Post,2026-04-16T14:27:44Z,business
Trump List of Saved Projects Spares $5 Billion Hydrogen Hubs,Financial Post,2026-04-16T14:27:36Z,business
"Walmart Deepens Commitment to North Carolina, Fueling Long-Term Impact and Future Statewide Investments",Associated Press,2026-04-16T14:27:23Z,business
MS NOW Host Throws Fit Over Ukraine ‘Whistleblower’ Being Referred For Prosecution,The Daily Caller,2026-04-16T14:26:31Z,business
Canada’s Aurora Cannabis (ACB) Looks Overseas As Domestic Market Goes Up in Smoke,Yahoo Entertainment,2026-04-16T14:26:12Z,business
"Apple hits record recycled material use, eliminates plastic packaging",Cult of Mac,2026-04-16T14:25:56Z,business
"AI helped CIBC save 1.2 million hours, cut mortgage approval times at TD, CEOs say",Financial Post,2026-04-16T14:22:20Z,business
How to spot fake weight loss injections: Seven red flags to avoid,The-independent.com,2026-04-16T14:21:54Z,business
NMG Announces Closing of US$96.5 Million Equity Public Offering,Financial Post,2026-04-16T14:20:35Z,business
"What’s up with… Really Wireless, smartphones, VodafoneThree",TelecomTV,2026-04-16T14:20:30Z,business
Aehr Test Systems Stock Explodes 17 Percent on Massive $41 Million AI Chip Testing Order,Ibtimes.com.au,2026-04-16T14:19:41Z,business
NPR receives $113 million in charitable gifts,NPR,2026-04-16T14:18:37Z,business
The Pentagon Wants Automakers To Build Fewer Cars And More Weapons,Jalopnik,2026-04-16T14:18:04Z,business
Eurofins CDMO Alphora Announces Integration of Advanced Continuous Flow Technology in API Manufacturing,Financial Post,2026-04-16T14:10:42Z,business
Textron Aviation Expands High‑Speed Cabin Connectivity With Gogo 5G Upgrade for Cessna Citation Business Jets,Financial Post,2026-04-16T14:10:30Z,business
LAT Multilingual Announces Partnership with World Press Freedom Canada,Financial Post,2026-04-16T14:10:19Z,business
Angelo Stiller responds to Luke Littler’s “please come” to Man United plea,The Peoples Person,2026-04-16T14:10:00Z,business
Netflix Stock Dips Slightly Ahead of Crucial Q1 Earnings Report Expected to Show Strong Growth,Ibtimes.com.au,2026-04-16T14:07:56Z,business
IMF Sees Iran War Driving African Nations to Seek Greater Help,Financial Post,2026-04-16T14:07:20Z,business
"Republicans rip 4 blue states for keeping taxes on tips, overtime after Trump reprieve",Fox News,2026-04-16T14:05:32Z,business
SMU launches Longevity Societies and Economies Institute to advance knowledge and innovation for Singapore’s longevity transition,BusinessLine,2026-04-16T14:05:21Z,business
Trillion Energy International Inc. to Present at the Oil & Gas Virtual Investor Conference on April 16th,Financial Post,2026-04-16T14:04:17Z,business
Altus Group Recognized as “Data Solution of the Year for Real Estate” in 2026 Data Breakthrough Awards,Financial Post,2026-04-16T14:04:09Z,business
"How to invest when markets are reacting irrationally to a war, oil shocks and major uncertainty",Financial Post,2026-04-16T14:02:08Z,business
US Industrial Production Fell in March in Broad Decline,Financial Post,2026-04-16T14:01:59Z,business
Introducing Koog Integration for Spring AI: Smarter Orchestration for Your Agents,Jetbrains.com,2026-04-16T14:01:57Z,business
Former Disney teen star exposes chilling warning signs of predatory behavior in Hollywood,Fox News,2026-04-16T14:00:30Z,business
Russia plans to put nuclear weapons in orbit for 'space Pearl Harbor'...,Thetimes.com,2026-04-16T14:00:13Z,business
Sanitation access and satisfaction in northern Haiti: Insights from a quasi-census survey,Plos.org,2026-04-16T14:00:00Z,business
"“A Shortage Of Nearly Everything” Is Coming If The War Does Not End Soon – In South Korea, People Are Already Panic-Buying Trash Bags",Activistpost.com,2026-04-16T14:00:00Z,business
Awards for Irish television to be presented tonight,RTE,2026-04-16T15:25:45Z,entertainment
Read the memo from Disney's brand chief about why the marketing team got hit hard by layoffs,Business Insider,2026-04-16T15:23:49Z,entertainment
Roku hits a major milestone with 100 million users,The Verge,2026-04-16T15:14:46Z,entertainment
Apple and Google Continue to Offer 'Nudify' Apps that Use AI to Generate Deepfake Porn,Breitbart News,2026-04-16T15:02:20Z,entertainment
Samsung Galaxy Z Fold 8: July 22 Unpacked Date and London Venue,Geeky Gadgets,2026-04-16T15:00:39Z,entertainment
"PHOTOS: Our Room at This Famous Hotel Cost $2,000…And We TOTALLY Understand Why!",disneyfoodblog.com,2026-04-16T15:00:21Z,entertainment
Vampiro Reflects on His Amazing Career as He Gets Ready to Rock One Last Time,TVInsider,2026-04-16T14:54:34Z,entertainment
Victoria Beckham breaks silence on family feud with son Brooklyn and his wife Nicola Peltz,Fox News,2026-04-16T14:50:21Z,entertainment
It's Been 5 Years Since Daniel Craig's Bond Exit. Amazon Boss Just Spoke On Why His Successor Is Taking So Long,CinemaBlend,2026-04-16T14:50:05Z,entertainment
"Jury finds Ticketmaster, Live Nation run monopoly",The Week Magazine,2026-04-16T14:49:39Z,entertainment
"Celtics vs. 76ers schedule: Dates, times, TV channels, scores for 2026 NBA Playoffs first-round series",Sporting News,2026-04-16T14:39:32Z,entertainment
"Nolte: Mamdani Grocery Store Will Take 3 Years to Build, Cost Absurd $30M",Breitbart News,2026-04-16T14:39:13Z,entertainment
"From Medicine to Marketing, Architecture to Advertising: A Diverse Cohort Graduates from MICA 2026  | Loktej Business News",Loktej.com,2026-04-16T14:35:24Z,entertainment
Marina Bay Sands Room Tour: Is This Iconic Hotel Worth the Hype?,allears.net,2026-04-16T14:30:12Z,entertainment
John Mulaney Confirmed That Ridiculous Urinal Prank Will Forte Pulled At SNL,CinemaBlend,2026-04-16T14:29:29Z,entertainment
Hoda Kotb's 'Favorite Part' Of Savannah Guthrie's Today Return Has Me So Emotional,CinemaBlend,2026-04-16T14:16:05Z,entertainment
Netflix Stock Dips Slightly Ahead of Crucial Q1 Earnings Report Expected to Show Strong Growth,Ibtimes.com.au,2026-04-16T14:07:56Z,entertainment
Should You Watch Beef Season 2? The Info You Need In Under 100 Words,CinemaBlend,2026-04-16T14:05:00Z,entertainment
Beef Recap: Everyone Is Scamming,Vulture,2026-04-16T14:00:46Z,entertainment
Former Disney teen star exposes chilling warning signs of predatory behavior in Hollywood,Fox News,2026-04-16T14:00:30Z,entertainment
"Street Fighter's Trailer Is Epic, But 3 Game References Make Me Giddier Than The Rest",CinemaBlend,2026-04-16T13:51:40Z,entertainment
Why PR Experts And Social Media Stars Think Megan Fox Is Losing Out On Millions,CinemaBlend,2026-04-16T13:48:42Z,entertainment
'The AI Doc' director says ‘F*ck you’ to AI companies stealing artists’ IP,Mashable,2026-04-16T13:47:21Z,entertainment
"13 of the best Record Store Day 2026 releases, as picked by TechRadar — Pavement, Public Service Broadcasting and more",TechRadar,2026-04-16T13:46:27Z,entertainment
Investor Aaron Butler scoops up Lincoln Road site where Noble 33 plans restaurant,The Real Deal,2026-04-16T13:45:00Z,entertainment
GameStop Stock Holds Steady Near $24.73 as Cash Pile Fuels Acquisition Buzz in 2026,Ibtimes.com.au,2026-04-16T13:44:30Z,entertainment
Brandi Glanville ends up in urgent care after trying viral TikTok trend,Fox News,2026-04-16T13:35:47Z,entertainment
"Jim Cramer on Booking Holdings: “When the War Ends, I Think This Thing’s Going to Soar”",Yahoo Entertainment,2026-04-16T13:35:36Z,entertainment
I found a hidden live TV section on my smart TV that I'd been missing for years,MakeUseOf,2026-04-16T13:30:58Z,entertainment
‘Foreign investments in India should be 100 times more’,BusinessLine,2026-04-16T13:30:57Z,entertainment
OneCoin’s fallout lingers as US victims get a shot at recovery,Cointelegraph,2026-04-16T13:28:01Z,entertainment
Business News | Savills India Earns Great Place to Work Certification 2026; Recognised Among India's Best Workplaces in Health & Wellness,LatestLY,2026-04-16T13:22:58Z,entertainment
Survivor Producers Need To Understand Why Fans Hated One Big Twist And Loved The Other,CinemaBlend,2026-04-16T13:15:46Z,entertainment
Netflix reveals first image and 2027 release window for Charlie Vs. the Chocolate Factory — and it'll put a deliciously sour twist on Roald Dahl's classic tale,TechRadar,2026-04-16T13:15:38Z,entertainment
Victory+ Brings Dallas Cowboys Content to Fans for Free in Major Multi-Year Streaming Partnership,Financial Post,2026-04-16T13:09:58Z,entertainment
'Lee Cronin's The Mummy' Review: A Family Under Threat From Within,Hollywood Reporter,2026-04-16T13:00:43Z,entertainment
From the Archive: Looking Back at the 1970s Nostalgic Festival Footwear Style,WWD,2026-04-16T13:00:00Z,entertainment
Marvel Looking For A Talent Relations Co-Ordinator… What's Going On?,Bleeding Cool News,2026-04-16T12:59:11Z,entertainment
"How Drunk Does Seth Meyers Get During Those Day Drinking Segments? (Plus, The Secret To Those Hangovers)",CinemaBlend,2026-04-16T12:50:06Z,entertainment
Shannon Elizabeth is Joining OnlyFans on Heels of Divorce Filing,The Hollywood Gossip,2026-04-16T12:46:37Z,entertainment
"Study explores how and why US teens use TikTok, Instagram and Snapchat",Music Ally,2026-04-16T12:30:00Z,entertainment
Shoot of a popular film sequel begins on auspicious occasion of Poila Boishakh,The Times of India,2026-04-16T12:20:18Z,entertainment
Fraud is on the rise. Blame AI,USA Today,2026-04-16T12:17:18Z,entertainment
Jun-yeol Ryu to Star in Netflix Live-Action Series Adaptation of Webtoon G'day,Anime News Network,2026-04-16T12:15:00Z,entertainment
K-Pop’s ‘Big Four’ to collaborate on Fanomenon music festival,Music Ally,2026-04-16T12:15:00Z,entertainment
"DraftKings Announces Intent to Launch Online Sportsbook and Casino in Alberta, Canada",Financial Post,2026-04-16T12:08:30Z,entertainment
The Brutal Critique Christopher Nolan Got ‘Anonymously’ When Interstellar Came Out,CinemaBlend,2026-04-16T12:03:46Z,entertainment
Rogers Expands Satellite-to-Mobile Coverage to the U.S.,Financial Post,2026-04-16T12:02:47Z,entertainment
Asus TUF Gaming A14 (2026) review: Big CPU power in a mispriced gaming laptop,Tom's Hardware UK,2026-04-16T12:00:00Z,entertainment
Style and Decor. Il momento in cui l'estetica personale e le tendenze si incontrano. DECOR INSPIRATION.,Coolchicstylefashion.com,2026-04-16T12:00:00Z,entertainment
Crunchyroll Brings Chainsaw Man Voice Actor Kikunosuke Toya to Thailand,Anime News Network,2026-04-16T12:00:00Z,entertainment
"I Didn't Expect The Floor To Last This Long, But I Am Glad It Did",CinemaBlend,2026-04-16T12:00:00Z,entertainment
"Iran War timeline continues to shift. And, jury rules Live Nation acted as monopoly",NPR,2026-04-16T11:59:11Z,entertainment
Thelma & Louise musical set for world premiere at London theatre,The-independent.com,2026-04-16T11:47:48Z,entertainment
Anonymous perps behind 86 million files scraped from Spotify hit with $322 million court judgement — Anna's Archive case presents intriguing precedent for AI training,Tom's Hardware UK,2026-04-16T11:40:00Z,entertainment
Re:ZERO -Starting Life in Another World- Season 4 ‒ Episodes 1-2,Anime News Network,2026-04-16T11:30:00Z,entertainment
"Laughter Chefs 3: Sunita Ahuja reacts to ending her family feud with Krushna Abhishek and Kashmera Shah; says, “Waqt ka kya bharosa, raat toh soye, pata nahi subah uthenge ke nahi”",The Times of India,2026-04-16T11:28:31Z,entertainment
Spotify just won $322 million from music pirates it can’t find,The Verge,2026-04-16T11:27:42Z,entertainment
The Warrior Princess and the Barbaric King,Anime News Network,2026-04-16T11:25:24Z,entertainment
Ex-Sony Exec Comments on Game Pass,IGN,2026-04-16T11:24:29Z,entertainment
Internal Supreme Court tensions spill into public view,Yahoo Entertainment,2026-04-16T11:02:35Z,entertainment
Historic Israel-Lebanon talks to take place for first time in decades and more top headlines,Fox News,2026-04-16T10:52:24Z,entertainment
"Gianni Infantino confirms first-ever FIFA World Cup final halftime show for 2026 inspired by NFL Super Bowl, Coldplay’s Chris Martin to curate mega event",The Times of India,2026-04-16T10:51:33Z,entertainment
Beef season 2 is the dumbest new Netflix show in years — but I can't stop laughing at these wildly inappropriate cultural Easter eggs,TechRadar,2026-04-16T10:51:14Z,entertainment
"""Couples Therapy"" Season Five Premieres Friday, May 15, Exclusively on Paramount+",Thefutoncritic.com,2026-04-16T10:01:00Z,entertainment
"Prince Harry, Meghan Markle blasted for ‘faux royal tour’ as experts accuse couple of exploiting titles",Fox News,2026-04-16T10:00:20Z,entertainment
"A Burning House, a Quiet Media, a Silenced Majority",Thenation.com,2026-04-16T09:50:00Z,entertainment
YMU Signs Presenter & Podcaster Vogue Williams,Deadline,2026-04-16T09:30:00Z,entertainment
Warner Bros. Files Criminal Complaint Against Chilean IPTV Operator Over “Alarming” Piracy Growth,Torrentfreak.com,2026-04-16T09:08:42Z,entertainment
"Neil Patrick Harris, Tituss Burgess and Ellie Kemper to Star in Forthcoming Mo Willems Children's Book Adaptions for Paramount+",Thefutoncritic.com,2026-04-16T09:01:00Z,entertainment
"Trump hits key battlegrounds to sell tax cuts, boost GOP ahead of midterms",Fox News,2026-04-16T09:00:42Z,entertainment
"A survey of US teens: ~90% say entertainment is a reason they use TikTok, Instagram, or Snapchat, 57% Snapchat message daily, and 37% say TikTok impacts sleep (Pew Research Center)",Mediagazer.com,2026-04-16T08:55:01Z,entertainment
Dr. Oz says Trump thinks diet soda ‘must kill cancer cells’,Headtopics.com,2026-04-16T08:43:07Z,entertainment
IEA chief Birol named sole Turkish figure on Time’s most influential list,Hurriyet Daily News,2026-04-16T08:34:24Z,entertainment
"""SkyMed"" Season 4 Takes Flight May 21 on Paramount+",Thefutoncritic.com,2026-04-16T08:30:00Z,entertainment
Beef Season-Premiere Recap: Mind Games,Vulture,2026-04-16T08:00:09Z,entertainment
How A Convicted Sex Offender Tricked His Way Through The World Of UK Theater: “I Was Terrified Of Him Because Of The Level Of Betrayal”,Deadline,2026-04-16T08:00:00Z,entertainment
Samsung adds Kings of Comedy to Samsung TV Plus in India,SamMobile,2026-04-16T07:30:19Z,entertainment
Hunger Games actor Ethan Jamieson arrested for alleged assault with intent to kill,The-independent.com,2026-04-16T07:17:10Z,entertainment
"Where to watch LOVB championship: Schedule, times, channel, live stream for 2026 volleyball finals",Sporting News,2026-04-16T07:00:02Z,entertainment
How Professors Shaped Some of Last Year’s Biggest Films and Television,Inside Higher Ed,2026-04-16T07:00:00Z,entertainment
"Trump to promote tax breaks in Las Vegas, where residents feel the pinch",Abcnews.com,2026-04-16T06:15:26Z,entertainment
"Perché non ci piacciono le regole, ma non ci piace nemmeno sbagliare. E soprattutto ci piace brillare. DAILY INSPIRATION.",Coolchicstylefashion.com,2026-04-16T06:15:00Z,entertainment
"Oasis’ Comeback Outing Wins ‘Major Tour of the Year’ Prize at Pollstar Awards, as Kendrick Lamar/SZA, Benson Boone and the Weeknd Also Score Top Honors",Variety,2026-04-16T06:07:25Z,entertainment
Atlanta's first open container district launches in South Downtown ahead of World Cup,CBS News,2026-04-16T06:00:40Z,entertainment
"Seven Seas Launches 'Yes, No, or Maybe?' Audiobook for Siren Imprint",Anime News Network,2026-04-16T05:56:58Z,entertainment
Crunchyroll to Bring 'Re:ZERO -Starting Life in Another World-' Sason 3 on Blu-Ray™ July 28,Anime News Network,2026-04-16T05:56:47Z,entertainment
China’s Parallel Web Behind the Wall | Vale.Rocks,Vale.rocks,2026-04-16T05:47:02Z,entertainment
"Trump to promote tax breaks in Las Vegas, where residents feel the pinch of high gas prices",Abcnews.com,2026-04-16T04:57:07Z,entertainment
"Trump to promote tax breaks in Las Vegas, where residents feel the pinch of high gas prices",Abcnews.com,2026-04-16T04:56:45Z,entertainment
Darby Allin's AEW Title Win Is Tony Khan's Worst Attack on WWE Yet,Bleeding Cool News,2026-04-16T04:04:10Z,entertainment
"Rewards App Faces Data Broker Accusations; Apple Loves Advertising, Apparently",AdExchanger,2026-04-16T04:03:43Z,entertainment
AIX26: Air Canada commences flying with Panasonic Astrova,Boardingarea.com,2026-04-16T03:55:11Z,entertainment
Popular Crime TV Show Renewed for Season 2 at CBS,ComingSoon.net,2026-04-16T03:46:34Z,entertainment
Beloved Baywatch Actor Returns for Fox’s Reboot Series,ComingSoon.net,2026-04-16T03:45:03Z,entertainment
The Valley Recap: Why 2K?,Vulture,2026-04-16T02:54:54Z,entertainment
Survivor Recap: Double Trouble,Vulture,2026-04-16T02:54:45Z,entertainment
Marvel’s Kryptonite = Gavin Newsom and wokeness,New York Post,2026-04-16T02:51:34Z,entertainment
REPORT: Nearly 200 Dead In ‘World’s Largest Water Fight’,The Daily Caller,2026-04-16T15:31:05Z,health
Pope Leo XIV in Cameroon says ‘the time has come’ to rebuild peace,Ewtnnews.com,2026-04-16T15:30:28Z,health
“Most Trolled Person In The Entire World”: Meghan Markle’s Comments About Online Bullying Spark Backlash,Boredpanda.com,2026-04-16T15:29:52Z,health
Google Faces EU Order to Share Search Data With Rivals,pymnts.com,2026-04-16T15:28:23Z,health
Saint Leo University Expands Online Graduate Programs for Florida Working Professionals,GlobeNewswire,2026-04-16T15:22:00Z,health
Ex-PlayStation boss says Microsoft is 'trying so hard to will' Xbox Game Pass 'into health' and suggests 'a clarifying post mortem would do the entire industry some good',TechRadar,2026-04-16T15:18:48Z,health
RFK Jr. will remake panel that determines which preventative services insurers must cover (Carmen Paun/Politico),Memeorandum.com,2026-04-16T15:15:00Z,health
(VIDEO) Former Virginia Lt. Gov. Justin Fairfax Kills Wife Then Himself in Murder-Suicide Amid Messy Divorce,Ibtimes.com.au,2026-04-16T15:10:01Z,health
Tiger Woods' attorney fights subpoena for prescription drug records in DUI case: reports,Fox News,2026-04-16T15:05:21Z,health
"Clavicular Commits To Sobriety, Quits Livestreaming After On-Camera Overdose",The Daily Caller,2026-04-16T15:03:32Z,health
"Death rate in immigration detention has reached a 22-year-high, raising physicians' concerns",NBC News,2026-04-16T15:02:24Z,health
"In Mamdani’s NYC, sewer socialism is out. Pothole politics is in.",Gothamist,2026-04-16T15:01:06Z,health
Last Words from the Late Vivian Connell,Dianeravitch.net,2026-04-16T15:00:00Z,health
The Infrastructure Play Hiding in Plain Sight Across Cardiac Care,GlobeNewswire,2026-04-16T15:00:00Z,health
"Patriots links 4/16/26: Finding prospect fits: S, OT, LB, ST",Pats Pulpit,2026-04-16T14:50:01Z,health
"Fast-food chain rejects tech trends, doubles down on in-person service",Fox News,2026-04-16T14:47:15Z,health
French Police Rescue Mother and Child After $400K Crypto Ransom Kidnapping,Decrypt,2026-04-16T14:46:38Z,health
Man kills sister’s harasser in WS,The Times of India,2026-04-16T14:46:25Z,health
Kathmandu district Red Cross wraps up first aid training in 6 wards,Peoplesreview.com.np,2026-04-16T14:40:43Z,health
"ImmunityBio Shareholder Alert: ClaimsFiler Reminds Investors With Losses In Excess Of $100,000 Of Lead Plaintiff Deadline In Class Action Lawsuit Against ImmunityBio, Inc. - IBRX",GlobeNewswire,2026-04-16T14:40:00Z,health
Exclusive Poll: Three-Quarters of Voters Support Rolling Back FICO Fees for Credit Score Reports,Breitbart News,2026-04-16T14:38:57Z,health
"Purisaki Berberine Patches 2026 | Effective Weight Loss For Women Lose 12+ lbs per Month Read Benefits, Ingredients, Side Effects, Lunch in USA.",GlobeNewswire,2026-04-16T14:34:00Z,health
Lead contamination crisis exposed in public parks across major southern city,Fox News,2026-04-16T14:32:45Z,health
NBC and the NYT appear to be duped by a discredited technique: facilitated communication,Whyevolutionistrue.com,2026-04-16T14:30:48Z,health
Ken Jennings addresses future on Jeopardy — and the truth about controversial final question that broke 74-win streak,The-independent.com,2026-04-16T14:23:50Z,health
Apple Starts Laying The Groundwork For Its iOS 27 AI Revamp As 4 Features Get Leaked,Wccftech,2026-04-16T14:23:14Z,health
Eagles News: Good perspective on the A.J. Brown situation,Bleeding Green Nation,2026-04-16T14:21:22Z,health
Dubai Health Joins iHope as First Laboratory Partner in the Middle East,Associated Press,2026-04-16T14:21:19Z,health
"Doping is a ‘big problem’ in India, global anti-doping body chief says",Al Jazeera English,2026-04-16T14:16:14Z,health
How Important Is Sleep? Rory McIlroy Had a 92 Sleep Score Before His Masters Repeat.,menshealth.com,2026-04-16T14:13:58Z,health
Samsung SmartThings gets Now Brief integration,GSMArena.com,2026-04-16T14:13:02Z,health
Kennedy returns to Capitol Hill with clout diminished - Axios,Slashdot.org,2026-04-16T14:12:43Z,health
Eurofins CDMO Alphora Announces Integration of Advanced Continuous Flow Technology in API Manufacturing,Financial Post,2026-04-16T14:10:42Z,health
5 reasons Apple’s ecosystem is almost impossible to leave,Cult of Mac,2026-04-16T14:08:28Z,health
SMU launches Longevity Societies and Economies Institute to advance knowledge and innovation for Singapore’s longevity transition,BusinessLine,2026-04-16T14:05:21Z,health
"Adam Hughes, Cancelling Store Signings & Appearances After Diagnosis",Bleeding Cool News,2026-04-16T14:04:09Z,health
Beef Recap: Everyone Is Scamming,Vulture,2026-04-16T14:00:46Z,health
FEMINIST 250: ‘Founding Feminists’ Public Syllabus,Ms. Magazine,2026-04-16T14:00:00Z,health
Genomic diversity analysis enables development of pan-Dengue Toehold RNA sensors,Plos.org,2026-04-16T14:00:00Z,health
Sanitation access and satisfaction in northern Haiti: Insights from a quasi-census survey,Plos.org,2026-04-16T14:00:00Z,health
Burden of antimicrobial resistance in culture-confirmed Salmonella Typhi isolates in India from 1977 to 2024: A systematic review and meta-analysis,Plos.org,2026-04-16T14:00:00Z,health
Why Iran Is Determined to Protect Hezbollah in Any Peace Deal,OilPrice.com,2026-04-16T14:00:00Z,health
"Designing, implementing and embedding transformation-focused evaluation: A framework and insights from a regional food system change initiative",Plos.org,2026-04-16T14:00:00Z,health
"Habitat Services workers in Toronto join the United Steelworkers, strengthening their voice in the social service sector",Financial Post,2026-04-16T13:59:07Z,health
Alphabet Stock Dips Slightly to $333.97 as Investors Await Q1 Earnings and Massive AI Spending,Ibtimes.com.au,2026-04-16T13:55:34Z,health
Colorado Senate Bill Would Overhaul Marijuana Taxes and Shift Testing Oversight to Public Health,Themarijuanaherald.com,2026-04-16T13:52:38Z,health
"From Venezuela to Iran, major operations have kept US Navy supercarrier USS Gerald R. Ford away from home for almost 10 months",Business Insider,2026-04-16T13:51:52Z,health
"In a memo, Condé Nast CEO Roger Lynch says Self magazine is shutting down and its health and wellness content will be integrated into brands like Allure (Emily Sundberg/@emily_sundberg)",Mediagazer.com,2026-04-16T13:50:03Z,health
Chargers Daily Links: Thursday Open Thread,Bolts From The Blue,2026-04-16T13:50:00Z,health
Fantasy Baseball Today: Rankings remain steady but Sal Stewart's breakout forces rise up the boards,CBS Sports,2026-04-16T13:47:21Z,health
AMA: Clinician burnout in specialties persists as overall rates drop,Techtarget.com,2026-04-16T13:46:00Z,health
"Shahmir Khan wants to address mental health issues, burnout & anxiety",The Times of India,2026-04-16T13:44:10Z,health
Kanye West ‘TRAUMATIZED’ … OVER THE SIZE OF PETE DAVIDSON’S MANHOOD!,Showbiz Cheat Sheet,2026-04-16T13:42:50Z,health
"Parents, teachers back tougher stance on school bullying, but doubts remain over impact",CNA,2026-04-16T13:38:25Z,health
"Dow Jones Hits 48,592 Amid Iran Ceasefire Hopes as Markets Eye Diplomatic Breakthrough",Ibtimes.com.au,2026-04-16T13:36:28Z,health
Brandi Glanville ends up in urgent care after trying viral TikTok trend,Fox News,2026-04-16T13:35:47Z,health
‘Hit a homer for him’: Dalton Rushing fulfills Shohei Ohtani’s request as Dodgers DH,New York Post,2026-04-16T13:29:23Z,health
Business News | Savills India Earns Great Place to Work Certification 2026; Recognised Among India's Best Workplaces in Health & Wellness,LatestLY,2026-04-16T13:22:58Z,health
"Fullscript Journeys Launches, Putting 125,000 Providers Back at the Center of the DTC Health Boom",Financial Post,2026-04-16T13:19:32Z,health
TCS declares Nashik WFH; Wipro Q4 results,The Times of India,2026-04-16T13:17:57Z,health
"Astrana Health, Inc. (NASDAQ:ASTH) Given Average Rating of ""Moderate Buy"" by Analysts",MarketBeat,2026-04-16T13:17:16Z,health
Mental health parity remains elusive in 43 states,Techtarget.com,2026-04-16T13:14:00Z,health
Former Virginia Lt. Gov. Justin Fairfax And His Wife Dead In Murder-Suicide,HuffPost,2026-04-16T13:05:14Z,health
"Thursday, April 16, 2026",Kffhealthnews.org,2026-04-16T13:05:05Z,health
"ThreatsDay Bulletin: Defender 0-Day, SonicWall Brute-Force, 17-Year-Old Excel RCE and 15 More Stories",Internet,2026-04-16T13:05:00Z,health
The Quiet Shift Replacing Million-Dollar Heart Scanners With Software,Financial Post,2026-04-16T13:03:31Z,health
"Philips receives FDA 510(k) clearance for Verida, the world’s first AI-powered detector-based spectral CT*, advancing diagnostic precision across clinical applications",Financial Post,2026-04-16T13:03:09Z,health
Asian enrollment at Johns Hopkins is skyrocketing. No one can say why.,Freerepublic.com,2026-04-16T13:01:58Z,health
JD Vance Suspends 447 More Hospices in L.A. in Ongoing Battle Against Fraud,Legalinsurrection.com,2026-04-16T13:00:40Z,health
"Philips receives FDA 510(k) clearance for Verida, the world’s first AI-powered detector-based spectral CT*, advancing diagnostic precision across clinical applications",GlobeNewswire,2026-04-16T13:00:00Z,health
The workers at the world’s largest library association have a story they want to tell,Chicago Reader,2026-04-16T13:00:00Z,health
"Whoop is moving beyond wearables to test your blood, integrating the results with its AI-powered app — and its latest evolution is smarter than ever",TechRadar,2026-04-16T13:00:00Z,health
Republicans/Absolute Freaks Want To Make Teen Pregnancy Great Again,Wonkette.com,2026-04-16T12:55:59Z,health
Toxic Gas-Emitting Plants Get Pollution Reprieve Under Trump,Insurance Journal,2026-04-16T12:52:18Z,health
"Students expect their university will mishandle sexual misconduct, if they ever report it",The Conversation Africa,2026-04-16T12:46:29Z,health
"""Into the Wood Chipper"": Whistleblower's Inside Story of DOGE Shredding USAID, 14 Million May Die",Democracy Now!,2026-04-16T12:46:22Z,health
"DarkPulse, Inc. to Present at the Oil & Gas Virtual Investor Conference April 16th",Financial Post,2026-04-16T12:37:33Z,health
The Lewis dynasty makes a third bid to shape democratic socialism in Canada,The Conversation Africa,2026-04-16T12:34:54Z,health
Cority Wins Two E+E Leader Awards for AI Compliance and Emissions Innovation,Financial Post,2026-04-16T12:32:36Z,health
"Study explores how and why US teens use TikTok, Instagram and Snapchat",Music Ally,2026-04-16T12:30:00Z,health
Synching workouts to natural body clock may help maximize heart health benefits,Medical News Today,2026-04-16T12:17:00Z,health
Good news for Canada's World Cup team as Alphonso Davies looking stronger each game in return from injury,CBC News,2026-04-16T12:15:31Z,health
Can Eye Makeup Harm Your Eyes? What to Know and Safer Alternatives,Women's Health,2026-04-16T12:03:55Z,health
Wellcome Leap Announces $2 Million Prize in $50 Million Quantum for Bio Challenge Program,Financial Post,2026-04-16T12:02:34Z,health
"Indonesia certifies 13,576 MBG kitchens, eyes completion by August",Antaranews.com,2026-04-16T12:01:04Z,health
5 new podcasts to listen to this week,The-independent.com,2026-04-16T15:18:40Z,science
"Science Slot, Arteta On Fire, Orban Lit, McClean Media, Dub Doubt - 16/04/26",Acast.com,2026-04-16T15:02:15Z,science
Miss Succession? Brian Cox's new movie Glenrothan will make you rethink dysfunctional family dynamics all over again — and is a world away from Waystar Royco,TechRadar,2026-04-16T15:00:00Z,science
Graham Platner Apologizes for Using the R-Word,Mother Jones,2026-04-16T14:37:00Z,science
"Purisaki Berberine Patches 2026 | Effective Weight Loss For Women Lose 12+ lbs per Month Read Benefits, Ingredients, Side Effects, Lunch in USA.",GlobeNewswire,2026-04-16T14:34:00Z,science
World has changed but our parents career advice has not: Bengaluru CEO questions uncle’s computer engineering only advice for Class 12 pass cousin,The Times of India,2026-04-16T14:33:51Z,science
Autodesk Donates $1.95 Million to Howard University and Celebrates the Opening of a New Makerspace,GlobeNewswire,2026-04-16T14:33:00Z,science
Astronomers measure the mind-blowing power and speed of black hole jets for the first time - AP News,Slashdot.org,2026-04-16T14:32:08Z,science
Iran war: US ready to attack if no Iran deal reached,DW (English),2026-04-16T14:32:00Z,science
NBC and the NYT appear to be duped by a discredited technique: facilitated communication,Whyevolutionistrue.com,2026-04-16T14:30:48Z,science
Eagles News: Good perspective on the A.J. Brown situation,Bleeding Green Nation,2026-04-16T14:21:22Z,science
Generative AI in the Real World: Aishwarya Naresh Reganti on Making AI Work in Production,Oreilly.com,2026-04-16T14:03:20Z,science
Genomic diversity analysis enables development of pan-Dengue Toehold RNA sensors,Plos.org,2026-04-16T14:00:00Z,science
Burden of antimicrobial resistance in culture-confirmed Salmonella Typhi isolates in India from 1977 to 2024: A systematic review and meta-analysis,Plos.org,2026-04-16T14:00:00Z,science
FEMINIST 250: ‘Founding Feminists’ Public Syllabus,Ms. Magazine,2026-04-16T14:00:00Z,science
A computer without electricity? Mechanical computing concept 'could help improve people's lives' with all sorts of potential real-world uses,TechRadar,2026-04-16T13:36:04Z,science
"Astrana Health, Inc. (NASDAQ:ASTH) Given Average Rating of ""Moderate Buy"" by Analysts",MarketBeat,2026-04-16T13:17:16Z,science
Behold the Punny Titles of ‘Rick and Morty’ Season 9,Gizmodo.com,2026-04-16T13:00:01Z,science
Beyond Party Lines: Resonate Data Reveals What Actually Motivates 2026 Primary Voters and What Campaigns Need to Do About It,GlobeNewswire,2026-04-16T13:00:00Z,science
Fake banknotes mocked a US president. And are now worth thousands.,Popular Science,2026-04-16T13:00:00Z,science
Donald Clarke: A Greenland shark is the sort of chap you could go for a pint with,The Irish Times,2026-04-16T12:10:00Z,science
"DJI Osmo Pocket 4 won’t be available in the US officially, but XTRA MUSE 2 PRO Will",Geeky Gadgets,2026-04-16T12:04:24Z,science
Can Eye Makeup Harm Your Eyes? What to Know and Safer Alternatives,Women's Health,2026-04-16T12:03:55Z,science
Posthaste: Canada faces an entrepreneurial ‘drought’ as more businesses close than open,Financial Post,2026-04-16T12:00:45Z,science
A Diet High in These 3 Foods Can Reduce Heart Disease Risk,TODAY,2026-04-16T12:00:00Z,science
Thursday: Hili dialogue,Whyevolutionistrue.com,2026-04-16T11:45:59Z,science
"ACHIEVE-4, the longest Phase 3 study of Lilly's Foundayo (orforglipron) to date, reaffirmed its cardiovascular and overall safety profile as well as consistent improvements across key measures of cardiometabolic health",Crweworld.com,2026-04-16T11:30:40Z,science
"Helus Pharma Strengthens Medical Leadership by Appointing Dr. Ken Kramer as Senior Vice President, Medical Affairs",GlobeNewswire,2026-04-16T11:30:00Z,science
Inside That Weird Anti-Science Conference Where Trump’s EPA Chief Delivered the Keynote,Mother Jones,2026-04-16T11:30:00Z,science
How the American Oligarchy Went Hyperscale,Mother Jones,2026-04-16T11:00:00Z,science
"Creating Baby Geniuses to Thwart the AI Threat? (Yes, Really.)",Mother Jones,2026-04-16T11:00:00Z,science
Tech Billionaires Want Christians to Believe in AI,Mother Jones,2026-04-16T11:00:00Z,science
The Vivo X300 Ultra finally steps outside China with pre-order freebies,PhoneArena,2026-04-16T10:40:39Z,science
"This Is The Often Overlooked Cause Of Insulin Resistance (Nope, Not Sugar!)",mindbodygreen.com,2026-04-16T10:38:00Z,science
Desert Worlds in Habitable Zones Unlikely to Support Life Without Sufficient Surface Water,Spacewar.com,2026-04-16T10:25:55Z,science
Three-Body Exoplanet System TOI-201 Caught Changing Its Orbital Architecture in Real Time,Spacewar.com,2026-04-16T10:25:55Z,science
Sulfur Plays the Role of Oxygen in Mercury Magmas Reshaping How the Planet Formed,Spacewar.com,2026-04-16T10:25:55Z,science
BBC Science Focus editor Daniel Bennett says Apple News helped the title nearly double its editorial staff from six to 11 and reach 3M monthly page views (Alice Brooker/Press Gazette),Mediagazer.com,2026-04-16T10:10:01Z,science
A Joint Research Project With Université Laval Aims to Enable Aplantex to Increase Its Production of High-Value Molecules,Financial Post,2026-04-16T10:05:44Z,science
My surname makes people laugh. So I turned it into a research tool,The-independent.com,2026-04-16T10:03:20Z,science
Alycia Baumgardner is fighting for gender equality for women in the ring,NBC News,2026-04-16T10:00:41Z,science
"A Burning House, a Quiet Media, a Silenced Majority",Thenation.com,2026-04-16T09:50:00Z,science
1.3 bn people had liver disease globally in 2023: Lancet study,The Times of India,2026-04-16T09:31:02Z,science
​Who is Hungary’s Péter Magyar and how he overturned Viktor Orbán’s illiberal democracy,The Conversation Africa,2026-04-16T09:16:55Z,science
"2026 is the year payroll stacks break, and AI must grow up",TechRadar,2026-04-16T09:01:54Z,science
"House showdown: Democrat backed by Sanders, AOC faces Republican trying to flip blue-leaning district",Fox News,2026-04-16T09:00:19Z,science
The newest prediction markets guru is a middle schooler in braces,Business Insider,2026-04-16T09:00:02Z,science
The Blockheaded Thinking Behind Trump’s Plan for a Hormuz Blockade,Thenation.com,2026-04-16T09:00:00Z,science
American microbiologist behind global water safety breakthrough wins 2026 Lee Kuan Yew Water Prize,Associated Press,2026-04-16T08:52:43Z,science
IEA chief Birol named sole Turkish figure on Time’s most influential list,Hurriyet Daily News,2026-04-16T08:34:24Z,science
"What IBS, Vitamin D Deficiency & Diabetes Reveal About Brain Health",mindbodygreen.com,2026-04-16T08:31:00Z,science
OPINION: The Transphobia Of The Lesbian Action Group Will Not Save Them,Starobserver.com.au,2026-04-16T07:31:53Z,science
What we know about the cause and impact of the Viva Energy oil refinery fire,ABC News (AU),2026-04-16T07:10:42Z,science
How to tell if your dog is in pain and what to do if they are,ABC News (AU),2026-04-16T07:09:17Z,science
How Professors Shaped Some of Last Year’s Biggest Films and Television,Inside Higher Ed,2026-04-16T07:00:00Z,science
Xanadu Quantum Stock Surges 194% YTD: Buy the Photonic Computing Hype or Sell Before Reality Bites in 2026?,Ibtimes.com.au,2026-04-16T06:18:23Z,science
Deputy minister urges on-target strategy to close AI development gap,Antaranews.com,2026-04-16T06:16:00Z,science
"Study: Time-Restricted Eating Shows Weight Loss, Hormonal Benefits in Women with PCOS",Naturalnews.com,2026-04-16T06:00:00Z,science
Skeptical Science New Research for Week #16 2026,Skepticalscience.com,2026-04-16T05:23:40Z,science
"Galderma Launches New Alastin Regenerating Skin Nectar with TriHex+™, Powered by Its Next-Generation TriHex Technology® Regenerative Platform",Financial Post,2026-04-16T05:00:52Z,science
Computers go cyberpunk as Gen Z tricks out its own cyberdecks,The Week Magazine,2026-04-16T05:00:00Z,science
US Oil Exports Up A Few Million Barrels Per Day,Next Big Future,2026-04-16T04:47:00Z,science
British climbers complete new route in Swiss Alps,BBC News,2026-04-16T04:24:16Z,science
Terafab Equipment and Chip Orders,Next Big Future,2026-04-16T04:10:40Z,science
"Parkes Community: Incinerator project causes fear, mental health toll",Theland.com.au,2026-04-16T04:06:00Z,science
SpaceX Successfully Static Fires V3 Booster,Next Big Future,2026-04-16T03:49:12Z,science
Study Links Ultra-Processed Foods to Adolescent Obesity,Lifetechnology.com,2026-04-16T02:35:23Z,science
"CGTN: How China, Spain deepen ties amid global uncertainty",GlobeNewswire,2026-04-16T02:17:00Z,science
What Happens When Light Goes Boom? Part 1: The Scientist Who Stared at a Glow,Universe Today,2026-04-16T02:06:00Z,science
Yellowstone nearing eruption as new study finds magma brimming below the surface: scientists,Freerepublic.com,2026-04-16T02:03:00Z,science
Ethereum MACD Flashes Golden Cross—Price Surged 74%+ Last 3 Times,newsBTC,2026-04-16T02:00:41Z,science
Why is Tesla Up $28,Next Big Future,2026-04-16T01:55:24Z,science
GOP senator made emergency landing in jet owned by NASA chief he helped install,Raw Story,2026-04-16T01:47:11Z,science
Career tech programs take center stage at Montgomery Chamber ‘State of Schools’ event,WSFA,2026-04-16T00:56:28Z,science
South Dakota Neutrino Project At SURF Named 2026 Underground Project Of The Year,Kotatv,2026-04-16T00:00:00Z,science
The Unpublished Risk: Scientific Censorship and Lingering Questions on mRNA Vaccines,Shtfplan.com,2026-04-15T22:30:56Z,science
Path cleared for UTAS to sell Sandy Bay land for residential development,ABC News (AU),2026-04-15T22:10:38Z,science
California Dems in Disarray After Swalwell’s Exit,Daily Signal,2026-04-15T22:08:10Z,science
PROLLENIUM® Expands PACE with Launch of New Digital Training Portal,Financial Post,2026-04-15T22:04:10Z,science
"'Face lift' for Queensland dinosaur after discovery of 1,300 more bones",ABC News (AU),2026-04-15T21:55:41Z,science
"The alcohol crisis quietly hitting high-stress, “high-status” workers",Vox,2026-04-15T21:24:19Z,science
Retraction Watch testifies in Congressional hearing on scientific publishing,Retractionwatch.com,2026-04-15T21:00:42Z,science
Bayer Canada Supports New School of Medicine at Simon Fraser University (SFU) With Full Tuition Entrance Award for Inaugural Class,Financial Post,2026-04-15T20:42:43Z,science
"NVIDIA Will Be “Very, Very Large” Today Even If AI Didn’t Exist, Says CEO Jensen, But Also States He Would’ve Been Really Sad If There Was No AI",Wccftech,2026-04-15T20:00:07Z,science
The World Welcomes the Crew of Artemis II Home!,Universe Today,2026-04-15T19:54:49Z,science
'Maybe it’s not science fiction': Solar panels are causing rainwater to fall in one of the driest places on Earth,TechRadar,2026-04-15T19:45:00Z,science
Government responds after 'worst is yet to come' warning over fuel prices,LADbible,2026-04-15T19:39:44Z,science
Earth’s nighttime lights are getting more volatile — what does that mean?,Yale.edu,2026-04-15T19:30:27Z,science
"Scientists, fishers worried after long-spined urchin found on Tasmania's west coast",ABC News (AU),2026-04-15T19:14:24Z,science
4/22 7-8 AM GDC 3rd floor wireless maintenance outage,Utexas.edu,2026-04-15T19:06:25Z,science
Awards for Irish television to be presented tonight,RTE,2026-04-16T15:25:45Z,sports
Astros' $54M pitcher blames arm fatigue on struggle to adjust to American lifestyle,Fox News,2026-04-16T15:24:37Z,sports
Read the memo from Disney's brand chief about why the marketing team got hit hard by layoffs,Business Insider,2026-04-16T15:23:49Z,sports
UNC basketball named an early loser in transfer portal,USA Today,2026-04-16T15:19:08Z,sports
LIV Golf's remaining nine events are fully funded. What's left?,USA Today,2026-04-16T15:15:37Z,sports
"2027 4-star WR Julian Caldwell announces commitment date, Ducks in mix",USA Today,2026-04-16T15:14:37Z,sports
"Royals vs. Tigers prediction: Odds, recent stats, trends, and best bets for April 16",NBCSports.com,2026-04-16T15:07:35Z,sports
Tiger Woods' attorney fights subpoena for prescription drug records in DUI case: reports,Fox News,2026-04-16T15:05:21Z,sports
Howe's future at a 'crossroads' as Newcastle's transfer priorities revealed,Sky Sports,2026-04-16T15:02:00Z,sports
UCLA MBB Signs Two High School Recruits For 2026-27 Season,Lasportsreport.com,2026-04-16T15:00:00Z,sports
Match Preview: Brentford v Fulham,Brentfordfc.com,2026-04-16T15:00:00Z,sports
All Seasons of Alan Ritchson’s 8.3 IMDb Sitcom Are Leaving Netflix,ComingSoon.net,2026-04-16T15:00:00Z,sports
Vampiro Reflects on His Amazing Career as He Gets Ready to Rock One Last Time,TVInsider,2026-04-16T14:54:34Z,sports
"Patriots links 4/16/26: Finding prospect fits: S, OT, LB, ST",Pats Pulpit,2026-04-16T14:50:01Z,sports
"Celtics vs. 76ers schedule: Dates, times, TV channels, scores for 2026 NBA Playoffs first-round series",Sporting News,2026-04-16T14:39:32Z,sports
"From Medicine to Marketing, Architecture to Advertising: A Diverse Cohort Graduates from MICA 2026  | Loktej Business News",Loktej.com,2026-04-16T14:35:24Z,sports
“What we give doesn’t always return”: Sarah Jane Ramos sounds off after Dak Prescott split as custody talks stay peaceful,The Times of India,2026-04-16T14:32:02Z,sports
"U.S. Senator to introduce bill aimed at ending sports blackouts, making games easier to watch for fans",Yahoo Entertainment,2026-04-16T14:21:28Z,sports
"In Warriors’ win, Al Horford did ‘one of the most difficult things in sports’",New York Post,2026-04-16T14:19:09Z,sports
"Doping is a ‘big problem’ in India, global anti-doping body chief says",Al Jazeera English,2026-04-16T14:16:14Z,sports
Georgio Poullas just showed Arman Tsarukyan what their RAF rivalry bought him,Sporting News,2026-04-16T14:14:26Z,sports
FIFA ‘surprised’ by US backlash as transport costs skyrocket at World Cup,Al Jazeera English,2026-04-16T14:13:31Z,sports
MTA hiring for major infrastructure project in NYC,WPIX 11 New York,2026-04-16T14:10:08Z,sports
Angelo Stiller responds to Luke Littler’s “please come” to Man United plea,The Peoples Person,2026-04-16T14:10:00Z,sports
"Toronto Maple Leafs management dysfunction allegations reported cost cutting claims, management controversies and NHL trade uncertainty issues",The Times of India,2026-04-16T14:09:14Z,sports
Beef Recap: Everyone Is Scamming,Vulture,2026-04-16T14:00:46Z,sports
"How to watch Premier League Darts 2026 Rotterdam: Live stream, TV channel and schedule",Sporting News,2026-04-16T14:00:01Z,sports
Vancouver Canucks star Elias Pettersson’s wife Katelyn Pettersson shares grief after second miscarriage loss publicly amid Canucks NHL playoff season,The Times of India,2026-04-16T13:55:17Z,sports
Sheffield Wednesday's future depends on crucial next three weeks,Sky Sports,2026-04-16T13:52:00Z,sports
Chargers Daily Links: Thursday Open Thread,Bolts From The Blue,2026-04-16T13:50:00Z,sports
Why PR Experts And Social Media Stars Think Megan Fox Is Losing Out On Millions,CinemaBlend,2026-04-16T13:48:42Z,sports
Another Drug Boat Bombing,Reason,2026-04-16T13:38:37Z,sports
WATCH: Hegseth says Americans 'see the success' in Iran,PBS,2026-04-16T13:38:23Z,sports
Jeremy Swayman playing status update boosts Boston Bruins ahead of Buffalo Sabres NHL playoff series,The Times of India,2026-04-16T13:36:02Z,sports
"Cowboys Headlines: Draft trade buzz explodes, new uniforms for the ops",USA Today,2026-04-16T13:31:43Z,sports
I found a hidden live TV section on my smart TV that I'd been missing for years,MakeUseOf,2026-04-16T13:30:58Z,sports
LIV Golf 2026 Season Pushes Forward Despite Saudi Funding Uncertainty and Billions in Losses,Ibtimes.com.au,2026-04-16T13:30:36Z,sports
Business News | Savills India Earns Great Place to Work Certification 2026; Recognised Among India's Best Workplaces in Health & Wellness,LatestLY,2026-04-16T13:22:58Z,sports
LIV Golf leader says the show will go on amid reports of Saudi funding uncertainty,NBCSports.com,2026-04-16T13:20:32Z,sports
Hockey legend Wayne Gretzky chooses Connor McDavid ahead of Nikita Kucherov in NHL Hart Trophy race,The Times of India,2026-04-16T13:19:43Z,sports
"How to watch Aston Villa v Bologna, team news, predicted line-ups and more",Hayters.com,2026-04-16T13:10:00Z,sports
"How to watch Nottingham Forest v Porto, team news, predicted line-ups and more",Hayters.com,2026-04-16T13:10:00Z,sports
"How to watch Fiorentina v Crystal Palace, team news, predicted line-ups and more",Hayters.com,2026-04-16T13:10:00Z,sports
Victory+ Brings Dallas Cowboys Content to Fans for Free in Major Multi-Year Streaming Partnership,Financial Post,2026-04-16T13:09:58Z,sports
Ottawa Senators captain Brady Tkachuk injury update raises concerns ahead of NHL playoff series opener against Carolina Hurricanes,The Times of India,2026-04-16T13:03:01Z,sports
Paramount’s Upfront Pitch Is About Three Things,AdExchanger,2026-04-16T13:00:37Z,sports
"Cubs 11, Phillies 2: Shōta Imanaga dominates and Nico Hoerner drives in five",Bleed Cubbie Blue,2026-04-16T13:00:00Z,sports
TruGolf Reports Fourth Quarter and Full Year 2025 Results,GlobeNewswire,2026-04-16T13:00:00Z,sports
Where Wisconsin basketball ranks in early 2026-27 season projection,USA Today,2026-04-16T12:56:02Z,sports
Trump Makes Endorsement in Key House Race,Daily Signal,2026-04-16T12:50:22Z,sports
Disney Adults NEED to STOP Breaking this Magic Kingdom Rule,disneyfoodblog.com,2026-04-16T12:50:14Z,sports
"Angels vs. Yankees prediction: Odds, recent stats, trends, and best bets for April 16",NBCSports.com,2026-04-16T12:45:08Z,sports
White Sox longtime anthem singer collapses on field while performing Black national anthem,Fox News,2026-04-16T12:43:17Z,sports
Icon League star in exclusive interview: Ian Prescott's own path,Onefootball.com,2026-04-16T12:43:00Z,sports
"Beacon Software Acquires E2E Soccer, Expanding Its Soccer Platform to Be the Leading Integrated Solution for Canadian Leagues and Clubs",Financial Post,2026-04-16T12:38:32Z,sports
Viant Probably Wouldn’t Have Acquired TVision If It Hadn’t Bought IRIS.TV First,AdExchanger,2026-04-16T12:35:58Z,sports
"Today News Headlines for School Assembly, April 17, 2026: Women’s reservation debate, IPL 2026, IMF growth outlook, and CBSE announcements",The Indian Express,2026-04-16T12:29:04Z,sports
Mail: The Sussexes’ Oz tour is causing ‘a definite sense of irritation in royal circles’,Celebitchy.com,2026-04-16T12:25:20Z,sports
Official: Disney World Confirms Major Hotel Perks Returning in 2027 — Here’s Why You’ll Want to Stay On-Property!,Inside the Magic,2026-04-16T12:22:57Z,sports
"India’s doping problem serious but efforts sincere, says WADA chief Witold Banka",BusinessLine,2026-04-16T12:10:47Z,sports
Jets draft rumor from CBS Sports reveals favorite among 2 possible picks at No. 2,Sporting News,2026-04-16T12:09:44Z,sports
"DraftKings Announces Intent to Launch Online Sportsbook and Casino in Alberta, Canada",Financial Post,2026-04-16T12:08:30Z,sports
Crystal Palace predicted lineup and team news vs Fiorentina,The Football Faithful,2026-04-16T12:05:00Z,sports
Rogers Expands Satellite-to-Mobile Coverage to the U.S.,Financial Post,2026-04-16T12:02:47Z,sports
"Chicago Cubs news and notes — Wiggins, Horton, Hodge, Rea, Hoerner, Hartshorn, Kelly, Alcantara",Bleed Cubbie Blue,2026-04-16T12:00:00Z,sports
Sydney Sweeney’s Adult NSFW Series Wins Ongoing Streaming War,ComingSoon.net,2026-04-16T12:00:00Z,sports
"Caine Praises Sailors, Marines Enforcing Iran Blockade",Globalsecurity.org,2026-04-16T12:00:00Z,sports
2 Seasons of a Netflix Original To Leave & Become a Prime Video Exclusive,ComingSoon.net,2026-04-16T12:00:00Z,sports
Show HN: VPN vs. Proxy Safety Comparison (with leak testing tools),Examineip.com,2026-04-16T11:55:54Z,sports
"2026 Toyota Yaris Cross for Europe debuts – 1.5L NA 3-cylinder hybrid, up to 130 PS, new GR Sport variant",Paul Tan's Automotive News,2026-04-16T11:53:05Z,sports
Gov. Mikie Sherrill demands FIFA foot the bill for World Cup transportation after reports NJ Transit could inflate train tickets by 775%,Freerepublic.com,2026-04-16T11:43:28Z,sports
"One week out from the NFL Draft: Intel, rumors and what we're hearing",CBS Sports,2026-04-16T11:39:34Z,sports
"PREVIEW | Brentford vs Fulham - team news, lineups, predictions",Playmakerstats.com,2026-04-16T11:35:00Z,sports
The Hoddle of Coffee: Tottenham news and links for Thurs. April 15,SB Nation,2026-04-16T11:34:31Z,sports
Curry leads Warriors to comeback win over Clippers - NBA,Slashdot.org,2026-04-16T11:32:15Z,sports
Why foreign automakers dominate the sedan market,CNBC,2026-04-16T11:30:01Z,sports
"Live Nation Illegally Monopolized Ticketing Market, Jury in Antitrust Trial Finds",TODAY,2026-04-16T11:22:06Z,sports
Mets' Jorge Polanco injury news isn't good at all,Sporting News,2026-04-16T11:16:23Z,sports
Prep talk: School cellphone bans are forcing students to talk again,Yahoo Entertainment,2026-04-16T11:15:00Z,sports
Internal Supreme Court tensions spill into public view,Yahoo Entertainment,2026-04-16T11:02:35Z,sports
2027 Disney World Vacation Packages Are Now Open!,allears.net,2026-04-16T11:01:13Z,sports
SN Archive (2003): Michael Jordan's wasn't viewed as a winner... until this game,Sporting News,2026-04-16T11:00:02Z,sports
Tech Billionaires Want Christians to Believe in AI,Mother Jones,2026-04-16T11:00:00Z,sports
Historic Israel-Lebanon talks to take place for first time in decades and more top headlines,Fox News,2026-04-16T10:52:24Z,sports
"Gianni Infantino confirms first-ever FIFA World Cup final halftime show for 2026 inspired by NFL Super Bowl, Coldplay’s Chris Martin to curate mega event",The Times of India,2026-04-16T10:51:33Z,sports
"RBC Heritage 2026 tees off, boosting Hilton Head economy",WSAV-TV,2026-04-16T10:40:27Z,sports
MM 4.16: Kori Edmondson and Maddy Sterling selected in inaugural WLL Draft,Testudo Times,2026-04-16T10:30:00Z,sports
“Gonna eat that up”- Ryan Garcia confirms August showdown with Conor Benn on livestream in Las Vegas for WBC welterweight title defense,The Times of India,2026-04-16T10:10:22Z,sports
What is CBS Sports' bold prediction for the Sooners in 2026?,USA Today,2026-04-16T10:08:07Z,sports
“Most Trolled Person In The Entire World”: Meghan Markle’s Comments About Online Bullying Spark Backlash,Boredpanda.com,2026-04-16T15:29:52Z,technology
"Trump administration looks to Ford, GM in WWII-style weapons push: report",New York Post,2026-04-16T15:26:30Z,technology
New FBI warning reveals phishing attacks hitting private chats,Fox News,2026-04-16T15:23:38Z,technology
Precore Gold Completes Data Compilation and Readies for AI Driven Drill Target Identification at Their Lac Big-Rush Gold Property in Quebec,GlobeNewswire,2026-04-16T15:22:00Z,technology
S&P 500 Climbs to Fresh Record High Near 7038 as Tech Earnings Optimism Overshadows Geopolitical Risks,Ibtimes.com.au,2026-04-16T15:21:50Z,technology
"ABBYY, IBM & Red Hat announce DocLang, open source universal document format",ComputerWeekly.com,2026-04-16T15:16:28Z,technology
The U.S. Imports 95% of Its Uranium. One Nasdaq-Listed Newcomer is the Largest Conventional Deposit in the Country,GlobeNewswire,2026-04-16T15:08:00Z,technology
"Walmart Deepens Commitment to Massachusetts, Fueling Long-Term Impact and Future Statewide Investments",Associated Press,2026-04-16T15:06:40Z,technology
Apple and Google Continue to Offer 'Nudify' Apps that Use AI to Generate Deepfake Porn,Breitbart News,2026-04-16T15:02:20Z,technology
Rumble Stock Rockets 18 Percent as Video Platform Launches Exchange Offer for AI Powerhouse Northern Data,Ibtimes.com.au,2026-04-16T15:02:13Z,technology
Schneider Electric unveils next generation agentic manufacturing capabilities powered by Microsoft Azure AI at Hannover Messe 2026,Financial Post,2026-04-16T15:01:24Z,technology
The BLUETTI FridgePower — Real-World Review,CleanTechnica,2026-04-16T15:00:52Z,technology
Samsung Galaxy Z Fold 8: July 22 Unpacked Date and London Venue,Geeky Gadgets,2026-04-16T15:00:39Z,technology
The Infrastructure Play Hiding in Plain Sight Across Cardiac Care,Financial Post,2026-04-16T15:00:16Z,technology
BLUETTI Launches FridgePower on Kickstarter to Address Rising Power Outages in Canada,Financial Post,2026-04-16T15:00:10Z,technology
The Supreme Court Is Functioning Better Than You Think,Rolling Stone,2026-04-16T15:00:00Z,technology
HII to Showcase Company’s Role as America’s Seapower Company at Sea-Air-Space 2026,GlobeNewswire,2026-04-16T15:00:00Z,technology
Last Words from the Late Vivian Connell,Dianeravitch.net,2026-04-16T15:00:00Z,technology
The Infrastructure Play Hiding in Plain Sight Across Cardiac Care,GlobeNewswire,2026-04-16T15:00:00Z,technology
Crypto for Advisors: Tokenization’s evolution,CoinDesk,2026-04-16T15:00:00Z,technology
"Post-Quantum Cryptography Migration at Meta: Framework, Lessons, and Takeaways",Fb.com,2026-04-16T14:59:44Z,technology
Quantum stocks on pace for a massive week after Nvidia debuts AI models to boost the tech,CNBC,2026-04-16T14:56:58Z,technology
Coventry Ranks #1 in 2025 Life Settlement League Table Report,Financial Post,2026-04-16T14:50:00Z,technology
"Super Micro Computer Shareholder Alert: ClaimsFiler Reminds Investors With Losses In Excess Of $100,000 Of Lead Plaintiff Deadline In Class Action Lawsuits Against Super Micro Computer, Inc. - SMCI",GlobeNewswire,2026-04-16T14:35:00Z,technology
Field Notes: FedEx CFO Departs as Critical Loop Charges Up,WWD,2026-04-16T14:35:00Z,technology
Tyler Robinson judge unseals ATF report in assassination of Charlie Kirk,Fox News,2026-04-16T14:34:26Z,technology
World has changed but our parents career advice has not: Bengaluru CEO questions uncle’s computer engineering only advice for Class 12 pass cousin,The Times of India,2026-04-16T14:33:51Z,technology
Autodesk Donates $1.95 Million to Howard University and Celebrates the Opening of a New Makerspace,GlobeNewswire,2026-04-16T14:33:00Z,technology
Iran war: US ready to attack if no Iran deal reached,DW (English),2026-04-16T14:32:00Z,technology
French Open prize money to increase by 9.5%,BBC News,2026-04-16T14:29:04Z,technology
French Open prize money to increase by 9.5%,BBC News,2026-04-16T14:28:59Z,technology
Trump List of Saved Projects Spares $5 Billion Hydrogen Hubs,Financial Post,2026-04-16T14:27:36Z,technology
"Walmart Deepens Commitment to North Carolina, Fueling Long-Term Impact and Future Statewide Investments",Associated Press,2026-04-16T14:27:23Z,technology
"Apple hits record recycled material use, eliminates plastic packaging",Cult of Mac,2026-04-16T14:25:56Z,technology
"AI helped CIBC save 1.2 million hours, cut mortgage approval times at TD, CEOs say",Financial Post,2026-04-16T14:22:20Z,technology
NMG Announces Closing of US$96.5 Million Equity Public Offering,Financial Post,2026-04-16T14:20:35Z,technology
"What’s up with… Really Wireless, smartphones, VodafoneThree",TelecomTV,2026-04-16T14:20:30Z,technology
Aehr Test Systems Stock Explodes 17 Percent on Massive $41 Million AI Chip Testing Order,Ibtimes.com.au,2026-04-16T14:19:41Z,technology
NPR receives $113 million in charitable gifts,NPR,2026-04-16T14:18:37Z,technology
Eurofins CDMO Alphora Announces Integration of Advanced Continuous Flow Technology in API Manufacturing,Financial Post,2026-04-16T14:10:42Z,technology
Textron Aviation Expands High‑Speed Cabin Connectivity With Gogo 5G Upgrade for Cessna Citation Business Jets,Financial Post,2026-04-16T14:10:30Z,technology
Wärtsilä’s 34SG engine makes its data center debut with new 412 MW U.S. project,GlobeNewswire,2026-04-16T14:10:00Z,technology
Netflix Stock Dips Slightly Ahead of Crucial Q1 Earnings Report Expected to Show Strong Growth,Ibtimes.com.au,2026-04-16T14:07:56Z,technology
SMU launches Longevity Societies and Economies Institute to advance knowledge and innovation for Singapore’s longevity transition,BusinessLine,2026-04-16T14:05:21Z,technology
Altus Group Recognized as “Data Solution of the Year for Real Estate” in 2026 Data Breakthrough Awards,Financial Post,2026-04-16T14:04:09Z,technology
FEMINIST 250: ‘Founding Feminists’ Public Syllabus,Ms. Magazine,2026-04-16T14:00:00Z,technology
Justin Fairfax & Wife Dead in Murder-Suicide: Updates,New York Magazine,2026-04-16T13:58:00Z,technology
Alphabet Stock Dips Slightly to $333.97 as Investors Await Q1 Earnings and Massive AI Spending,Ibtimes.com.au,2026-04-16T13:55:34Z,technology
'The AI Doc' director says ‘F*ck you’ to AI companies stealing artists’ IP,Mashable,2026-04-16T13:47:21Z,technology
Ronan Farrow on Sam Altman’s ‘unconstrained’ relationship with the truth,The Verge,2026-04-16T13:47:17Z,technology
Muppets Coaster Previews Are Coming To Disney and Passholders Could Be on The List,Inside the Magic,2026-04-16T13:47:03Z,technology
AMA: Clinician burnout in specialties persists as overall rates drop,Techtarget.com,2026-04-16T13:46:00Z,technology
Let there be light: First iPhone variable-aperture camera enters production,Cult of Mac,2026-04-16T13:45:47Z,technology
"'Towards a full private digital workspace': Tuta debuts quantum-resistant cloud storage ahead of Google Drive, OneDrive",TechRadar,2026-04-16T13:45:33Z,technology
GameStop Stock Holds Steady Near $24.73 as Cash Pile Fuels Acquisition Buzz in 2026,Ibtimes.com.au,2026-04-16T13:44:30Z,technology
Experian Named a 2026 CIO 100 Award Winner,Financial Post,2026-04-16T13:39:55Z,technology
Andersen Consulting Adds Collaborating Firm Nuvolar,Financial Post,2026-04-16T13:39:48Z,technology
Jim Cramer on GigaCloud Technology: “It’s Very Inexpensive”,Yahoo Entertainment,2026-04-16T13:39:48Z,technology
Tesla Stock Dips to $386 as Post-Surge Profit-Taking Hits Ahead of Q1 Earnings,Ibtimes.com.au,2026-04-16T13:39:15Z,technology
"Dow Jones Hits 48,592 Amid Iran Ceasefire Hopes as Markets Eye Diplomatic Breakthrough",Ibtimes.com.au,2026-04-16T13:36:28Z,technology
Jim Cramer on Uber: “This Sell-Off Is Creating Bargains”,Yahoo Entertainment,2026-04-16T13:35:33Z,technology
NUMERATOR LAUNCHES REAL-TIME ATTRIBUTION AND ANNOUNCES UPDATED BENCHMARKS TO FOLLOW LATER IN 2026,Financial Post,2026-04-16T13:33:38Z,technology
A Crucial iPhone 18 Pro Component Enters Production And It Could Become A Major Selling Point For Millions Later This Year,Wccftech,2026-04-16T13:27:02Z,technology
Apple and Nvida chipmaker TSMC reports huge jump in profits amid Iran war,The-independent.com,2026-04-16T13:21:06Z,technology
"Fullscript Journeys Launches, Putting 125,000 Providers Back at the Center of the DTC Health Boom",Financial Post,2026-04-16T13:19:32Z,technology
"Astrana Health, Inc. (NASDAQ:ASTH) Given Average Rating of ""Moderate Buy"" by Analysts",MarketBeat,2026-04-16T13:17:16Z,technology
Amex Acquires Hyper to Boost AI and Expense Management Offerings,pymnts.com,2026-04-16T13:15:39Z,technology
Intel Just Launched Its MacBook Neo Competitor: Wildcat Lake For Everyday PCs,Wccftech,2026-04-16T13:15:18Z,technology
NurExone Biologic Inc. Announces Fourth Quarter and Full-Year 2025 Financial Results and Provides Corporate Update,GlobeNewswire,2026-04-16T13:15:00Z,technology
Maase Inc Stock 2026: Volatile AI Pivot Sparks Buy Debate as Shares Surge on Acquisitions,Ibtimes.com.au,2026-04-16T13:14:05Z,technology
Victory+ Brings Dallas Cowboys Content to Fans for Free in Major Multi-Year Streaming Partnership,Financial Post,2026-04-16T13:09:58Z,technology
"Canva Unveils Canva AI 2.0, Reimagining How The World Designs and Works",Financial Post,2026-04-16T13:09:44Z,technology
Chemelex Makes Minority Investment in Algo8 to Advance AI-Driven Manufacturing,Financial Post,2026-04-16T13:09:24Z,technology
"Thursday, April 16, 2026",Kffhealthnews.org,2026-04-16T13:05:05Z,technology
"As the Counter-Drone Era Goes Mainstream, This Nasdaq AI Defense Stock Just Landed a World Cup Deployment Order",Financial Post,2026-04-16T13:03:39Z,technology
The Quiet Shift Replacing Million-Dollar Heart Scanners With Software,Financial Post,2026-04-16T13:03:31Z,technology
Port of Prince Rupert Cargo Surges 14% as DP World Expands Capacity,Financial Post,2026-04-16T13:03:18Z,technology
"Philips receives FDA 510(k) clearance for Verida, the world’s first AI-powered detector-based spectral CT*, advancing diagnostic precision across clinical applications",Financial Post,2026-04-16T13:03:09Z,technology
"Philips receives FDA 510(k) clearance for Verida, the world’s first AI-powered detector-based spectral CT*, advancing diagnostic precision across clinical applications",GlobeNewswire,2026-04-16T13:00:00Z,technology
TruGolf Reports Fourth Quarter and Full Year 2025 Results,GlobeNewswire,2026-04-16T13:00:00Z,technology
"Canva debuts a new suite of agentic tools, as the design app quietly becomes one of the world’s most used AI services",Fortune,2026-04-16T13:00:00Z,technology
"Portnoy Law Firm Announces Class Action on Behalf of Super Micro Computer, Inc. Investors",GlobeNewswire,2026-04-16T13:00:00Z,technology
Toxic Gas-Emitting Plants Get Pollution Reprieve Under Trump,Insurance Journal,2026-04-16T12:52:18Z,technology
The UK is alarmingly unprepared for the threats it faces – security expert explains why,The Conversation Africa,2026-04-16T12:49:19Z,technology
"Beacon Software Acquires E2E Soccer, Expanding Its Soccer Platform to Be the Leading Integrated Solution for Canadian Leagues and Clubs",Financial Post,2026-04-16T12:38:32Z,technology
"DarkPulse, Inc. to Present at the Oil & Gas Virtual Investor Conference April 16th",Financial Post,2026-04-16T12:37:33Z,technology
Official: Disney World Confirms Major Hotel Perks Returning in 2027 — Here’s Why You’ll Want to Stay On-Property!,Inside the Magic,2026-04-16T12:22:57Z,technology
Lexitas Chief Legal Officer Ryan Casey Named to Law360’s 2026 Editorial Advisory Board,GlobeNewswire,2026-04-16T12:17:00Z,technology
Checkmarx Named Winner of the Esteemed Global InfoSec Awards,GlobeNewswire,2026-04-16T12:12:00Z,technology
"The Download: cyberscammers’ banking bypasses, and carbon removal troubles",MIT Technology Review,2026-04-16T12:10:00Z,technology
Donald Clarke: A Greenland shark is the sort of chap you could go for a pint with,The Irish Times,2026-04-16T12:10:00Z,technology
Champagne to discuss Anthropic at meeting with Bessent,Financial Post,2026-04-16T12:09:10Z,technology
"DraftKings Announces Intent to Launch Online Sportsbook and Casino in Alberta, Canada",Financial Post,2026-04-16T12:08:30Z,technology
Paramount CEO David Ellison Commits To 45-Day Theatrical Window At Surprise CinemaCon Appearance,Deadline,2026-04-16T17:25:08Z,business
"Google's 2025 Ads Safety Report: Google blocked a record 8.3B ads, up 63% YoY, but suspended 36% fewer advertisers, attributing the disparity to its use of AI (Jagmeet Singh/TechCrunch)",Mediagazer.com,2026-04-16T17:20:02Z,business
The Next Surface PCs May Not Be the Big Upgrades You Hoped for,Gizmodo.com,2026-04-16T17:15:57Z,business
Cataclean Enters Diesel Market With New Diesel Exhaust System & DPF Cleaner,GlobeNewswire,2026-04-16T17:15:00Z,business
Famed investor Andrew Left says Nvidia has already crowned the big quantum stock winner,Business Insider,2026-04-16T17:10:00Z,business
Pahoa Agricultural Park eyed for piggeries,Hawaii Tribune-Herald (subscription),2026-04-16T17:05:26Z,business
Media Insider: $1.6m boost for David Lomas show; ‘Floodgates’ fear: Court orders removal of story over attacker’s ‘distress’; Trust ratings - left v right,New Zealand Herald,2026-04-16T17:03:28Z,business
"CN Announces $500,000 to Support Homelessness Prevention in Winnipeg",Financial Post,2026-04-16T17:02:29Z,business
"Eureka Ergonomic Opal standing desk review: Beautiful, stylish, and solid — but I can't ignore the mediocre storage",TechRadar,2026-04-16T17:01:30Z,business
Infometrics tips three OCR hikes from as early as May in hawkish RBNZ call,New Zealand Herald,2026-04-16T17:00:00Z,business
"More young Kiwi athletes taking steroids and other banned drugs, sports officials say",New Zealand Herald,2026-04-16T17:00:00Z,business
"Employee tries to take coworker's job by taking over her tasks, coworker complains to manager, who fires both of them: 'We got the same prize'",Cheezburger.com,2026-04-16T17:00:00Z,business
"Christopher Luxon evaded MP who tried to tell him of flagging support, faces possible challenge this fortnight – sources",New Zealand Herald,2026-04-16T17:00:00Z,business
Walmart launches new portal for facility services,DigitalCommerce360,2026-04-16T16:58:01Z,business
"2027 Disney World Resorts, Packages & Park Tickets Now on Sale: Here’s What’s Missing & Returning",Disneytouristblog.com,2026-04-16T16:56:42Z,business
"Joseph Collins, a top executive at HBO, Time Warner Cable, and Comcast, a founder of C-SPAN and a pioneer in cable transition to broadband, died April 2 at 81 (Anne Steele/Wall Street Journal)",Mediagazer.com,2026-04-16T16:55:01Z,business
Defense Parts Firm Arxis Shares Jump 36% After $1.13 Billion IPO,Financial Post,2026-04-16T16:51:17Z,business
US Diesel Traders Turn to Rail as War Scrambles Fuel Flows,Financial Post,2026-04-16T16:51:09Z,business
Jim Cramer Discusses Dilemma For Toll Brothers (TOL),Yahoo Entertainment,2026-04-16T16:49:59Z,business
Jim Cramer Discusses Big Humana (HUM) Business,Yahoo Entertainment,2026-04-16T16:49:29Z,business
Jim Cramer Shares Alphabet’s (GOOGL) AI Edge Over Others,Yahoo Entertainment,2026-04-16T16:49:21Z,business
Intel launches Core Series 3 “Wildcat Lake” mobile chips for budget laptops and mini PCs,Liliputing,2026-04-16T16:48:36Z,business
"20VC x SaaStr: “I Don’t Buy Dario Anymore” — Mythos Withheld Over Zero-Days, Meta’s Muse Spark Gets Back in the Game, SpaceX at $2T on 108x Revenue, and Why 60% Agents Are the Slow Death Spiral for Public SaaS",Saastr.com,2026-04-16T16:48:28Z,business
"Oil Producers, Shipowners in Standoff Over Who Takes Hormuz Risk",Financial Post,2026-04-16T16:45:55Z,business
Invincible Season 4 Drops Major Transformers Easter Egg (And You Probably Missed It),ComicBook.com,2026-04-16T16:42:49Z,business
Brazil Activity Tops Forecast as Economy Weathers High Rates,Financial Post,2026-04-16T16:40:55Z,business
Jackson publicly airs grievances with conservative colleagues over Trump-era rulings,Fox News,2026-04-16T16:35:06Z,business
"Coty Inc. (COTY) Facing Securities Class Action Amid Surprise YoY Deterioration in Operating Income, CEO Departure, Withdrawn Guidance -- Hagens Berman",GlobeNewswire,2026-04-16T16:35:00Z,business
"HTGC ALERT: Hercules Capital (HTGC) Facing Securities Class Action After Claims Company Copied Google Ventures, Questions Marks and PIKs -- Hagens Berman",GlobeNewswire,2026-04-16T16:31:00Z,business
Albertsons Media Collective offers new measurement for advertisers,DigitalCommerce360,2026-04-16T16:30:00Z,business
"Oh Look, The MAGA FTC Built The Censorship Industrial Complex It Was Screaming About",Techdirt,2026-04-16T16:29:43Z,business
"UK Government Overrode Mandelson Vetting Advice, Guardian Says",Financial Post,2026-04-16T16:25:28Z,business
"What’s the point of the App Store, if it can’t protect users?",Macworld,2026-04-16T16:24:29Z,business
Lufax Holding (LU) Facing Securities Class Action Amid Firing Auditor Who Raised Red Flags -- Hagens Berman,GlobeNewswire,2026-04-16T16:24:00Z,business
5 mistakes teams make when introducing AI agents,Optimizely.com,2026-04-16T16:23:27Z,business
Secretlab Magnus Evo standing desk review: Streamlined and refined but unmistakably Secretlab in spirit,TechRadar,2026-04-16T16:21:20Z,business
Is this the beginning of the end for LIV Golf?,BBC News,2026-04-16T16:21:01Z,business
Want to build a startup that gets acquired? This founder shares 5 proven tips,ZDNet,2026-04-16T16:18:00Z,business
Today’s News in a Nutshell,Khabarhub.com,2026-04-16T16:15:29Z,business
"NBC News NOW reveals programming change, promotes former CNN-er",New York Post,2026-04-16T16:15:19Z,business
These jaw-dropping photos show why Samsung and Google are no longer camera phone champs,Android Police,2026-04-16T16:15:10Z,business
Opinion: Connecting Canada is an infrastructure imperative,Financial Post,2026-04-16T16:12:52Z,business
Wall Street quants see an edge in Polymarket earnings forecasts,Financial Post,2026-04-16T16:11:18Z,business
"Live updates: Israel and Lebanon agree to a 10-day ceasefire, Trump says (Associated Press)",Memeorandum.com,2026-04-16T16:10:01Z,business
House rejects Democrat attempt to limit Trump's Iran war powers,Fox News,2026-04-16T16:08:52Z,business
Does California have the nation’s best job market?,OCRegister,2026-04-16T16:07:25Z,business
"Turkey Officials Tell Investors War May Dent Growth, Lift Prices",Financial Post,2026-04-16T16:05:01Z,business
"'Is AI impacting jobs right now? We’ve looked and, honestly, we haven’t seen it': LinkedIn exec says AI isn't causing a big drop-off in hiring just yet",TechRadar,2026-04-16T16:05:00Z,business
Pete Hegseth Is Now Opening With Quentin Tarantino,Mother Jones,2026-04-16T16:03:57Z,business
Metafoodx Launches Catering Intelligence Capabilities to Transform Event Foodservice Operations,Financial Post,2026-04-16T16:01:40Z,business
Deluxe Disney Dining Plan Returning to Disney World!,Disneytouristblog.com,2026-04-16T16:01:40Z,business
Martinrea Maintains 2026 Outlook,Financial Post,2026-04-16T16:01:34Z,business
Michelle Ferry-Cronin Brings a Legacy Name and Specialized Expertise to eXp Realty,Financial Post,2026-04-16T16:01:25Z,business
"US Solar Cell Manufacturer Rises From The Dead, Again",CleanTechnica,2026-04-16T16:01:13Z,business
I built a $100K Newsletter Business (Here’s How) | 123,Nathanbarry.com,2026-04-16T16:00:29Z,business
Beef Recap: Scenes From a Marriage,Vulture,2026-04-16T16:00:04Z,business
U.K. Industry Chief Urges Approval of North Sea Oil Projects,OilPrice.com,2026-04-16T16:00:00Z,business
Todd Blanche Says Americans “Should Be Happy” With Trump’s Weaponization of DOJ,Truthout,2026-04-16T15:59:18Z,business
Artnet Makes Significant Layoffs Following Consolidation with Artsy,ARTnews,2026-04-16T15:58:29Z,business
Trump says Israel and Lebanon have agreed to a 10-day ceasefire,Independent.ie,2026-04-16T15:55:25Z,business
Gold Pares Gains as Traders Assess Progress on War Truce,Financial Post,2026-04-16T15:55:05Z,business
Josh Barnett’s BloodSport XV set to showcase why its the ‘hardest hitting event in professional wrestling’,Fox News,2026-04-16T15:52:54Z,business
Supreme Court Justice hounded by observers for 'manipulation' of role: 'An outright psyop',Raw Story,2026-04-16T15:52:50Z,business
TV Hosts Erupt in Laughter at Trump’s Wild Excuse for Hoarse Voice,Daily Beast,2026-04-16T15:51:01Z,business
"Trip.com Group (TCOM) Shares Crater Amid Questions Over AI Price Adjustment Tool, Anti-Monopoly Regulatory Probe; Securities Class Action Pending -- Hagens Berman",GlobeNewswire,2026-04-16T15:45:00Z,business
Uranium Royalty to Buy Sweetwater in $1.1 Billion Nuclear Fuel Deal,Financial Post,2026-04-16T15:44:35Z,business
Scientists Can’t Seem To Stop Going Missing Under Mysterious Circumstances,The Daily Caller,2026-04-16T15:40:03Z,business
"The UK CMA tells Getty Images to sell Shutterstock's editorial business, which includes Backgrid and Splash, to secure approval for the $3.7B merger of the two (Daniel Thomas/Financial Times)",Mediagazer.com,2026-04-16T15:40:02Z,business
'Anyone with $10 could have walked straight through': Report warns this legit-looking software is actually antivirus-killing adware,TechRadar,2026-04-16T15:35:00Z,business
APO INVESTOR ALERT: Hagens Berman Alerts Apollo Global Management (APO) Investors to Securities Class Action Stemming From “Epstein Files” Revelations,GlobeNewswire,2026-04-16T15:33:00Z,business
Idaho law ends use of public funds for teachers’ union,Freerepublic.com,2026-04-16T15:32:59Z,business
“Most Trolled Person In The Entire World”: Meghan Markle’s Comments About Online Bullying Spark Backlash,Boredpanda.com,2026-04-16T15:29:52Z,business
"Top Business & Market Headlines Today — BL Morning Report, April 17, 2026",BusinessLine,2026-04-16T15:26:46Z,business
"Trump administration looks to Ford, GM in WWII-style weapons push: report",New York Post,2026-04-16T15:26:30Z,business
Precore Gold Completes Data Compilation and Readies for AI Driven Drill Target Identification at Their Lac Big-Rush Gold Property in Quebec,Financial Post,2026-04-16T15:26:02Z,business
"Memo: Condé Nast is shuttering Self magazine, folding its content into other brands, and winding down Glamour's publishing arms in Mexico, Spain, and Germany (Corbin Bolies/The Wrap)",Mediagazer.com,2026-04-16T15:25:02Z,business
Brian Williams To Host Podcast Series For Netflix,Deadline,2026-04-16T15:24:35Z,business
Read the memo from Disney's brand chief about why the marketing team got hit hard by layoffs,Business Insider,2026-04-16T15:23:49Z,business
New FBI warning reveals phishing attacks hitting private chats,Fox News,2026-04-16T15:23:38Z,business
Harmeet Dhillon: Semiautomatic Rifles Like the AR-15 'Are Protected by the Constitution',Breitbart News,2026-04-16T15:23:27Z,business
Saint Leo University Expands Online Graduate Programs for Florida Working Professionals,GlobeNewswire,2026-04-16T15:22:00Z,business
Precore Gold Completes Data Compilation and Readies for AI Driven Drill Target Identification at Their Lac Big-Rush Gold Property in Quebec,GlobeNewswire,2026-04-16T15:22:00Z,business
"Partners approve Hogan Lovells Cadwalader, a proposed $3.6B global firm",Abajournal.com,2026-04-16T15:22:00Z,business
Former MSNBC Host Brian Williams to Join Netflix With Interview Podcast: ‘The Perfect Home’,Mediaite,2026-04-16T15:20:08Z,business
"Foundation, a Prominent NFT Platform of the 2021 Boom, Shuts Down After Failed Sale",ARTnews,2026-04-16T15:18:46Z,business
Netflix Enlists Brian Williams for New Podcast ‘We’re Back!’,Variety,2026-04-16T15:17:57Z,business
"HSBC Reduces to Hold from Buy on NIKE, Inc. (NKE)",Yahoo Entertainment,2026-04-16T15:17:48Z,business
Spencer Pratt’s LA mayoral bid backed by Joe Rogan: ‘I’m rooting for you’,The-independent.com,2026-04-16T15:15:01Z,business
"Quaint Oak Bancorp, Inc. Declares Quarterly Cash Dividend",GlobeNewswire,2026-04-16T15:15:00Z,business
"Heritage Signs & Displays Strengthens Washington DC Leadership with Arlington, VA Expansion",Associated Press,2026-04-16T15:11:16Z,business
"Temporary Foreign Worker Permits for Truckers More Than Quadruple, Study Finds",Financial Post,2026-04-16T15:10:32Z,business
The U.S. Imports 95% of Its Uranium. One Nasdaq-Listed Newcomer is the Largest Conventional Deposit in the Country,GlobeNewswire,2026-04-16T15:08:00Z,business
"Walmart Deepens Commitment to Massachusetts, Fueling Long-Term Impact and Future Statewide Investments",Associated Press,2026-04-16T15:06:40Z,business
Paramount CEO David Ellison Commits To 45-Day Theatrical Window At Surprise CinemaCon Appearance,Deadline,2026-04-16T17:25:08Z,entertainment
Diablo 4: Lord of Hatred is revealing too much too soon and Blizzard risks ruining the joy of discovery,Windows Central,2026-04-16T17:21:41Z,entertainment
Trump to promote tax breaks in Las Vegas amid high gas prices,TwinCities.com-Pioneer Press,2026-04-16T17:11:50Z,entertainment
"One Of Kevin Costner’s Big Flops Just Found A Second Life On Streaming, And He Responded",CinemaBlend,2026-04-16T17:05:38Z,entertainment
Just how many audio-streaming service users does India have?,Music Ally,2026-04-16T17:00:08Z,entertainment
Power Up With the Voidforge — World of Warcraft — Blizzard News,Wowhead.com,2026-04-16T17:00:00Z,entertainment
"Ben 10 #1 Has Had Over 82,000 Orders From Comic Shops",Bleeding Cool News,2026-04-16T16:59:09Z,entertainment
"Netflix Expands Video Podcast Slate With Shows from ‘Rotten Mango’ Creator Stephanie Soo, Evan Ross Katz, NBC News’ Ellison Barber and Magician David Kwong",Variety,2026-04-16T16:54:16Z,entertainment
SkyMed Season 4 Trailer Sets Paramount+ Release Date,ComingSoon.net,2026-04-16T16:46:34Z,entertainment
"After Noah Wyle Said The Pitt’s Cast Will Keep Changing, Star Had A (Concerning) One-Word Response",CinemaBlend,2026-04-16T16:30:03Z,entertainment
Today’s News in a Nutshell,Khabarhub.com,2026-04-16T16:15:29Z,entertainment
The Grateful Dead’s New Streaming Service Is the ‘Largest Tape-Transfer Project in Rock History’,Rolling Stone,2026-04-16T16:14:44Z,entertainment
"DePaul University, Strapped For Cash, Closes Historic Theater In Downtown Chicago",Suntimes.com,2026-04-16T16:06:00Z,entertainment
Beef Recap: Scenes From a Marriage,Vulture,2026-04-16T16:00:04Z,entertainment
"In 'Lorne' doc, 'SNL' creator doesn't seem keen to retire (yet)",NBC News,2026-04-16T16:00:00Z,entertainment
Hunt or be Hunted in Decor Duels — World of Warcraft — Blizzard News,Wowhead.com,2026-04-16T16:00:00Z,entertainment
Awards for Irish television to be presented tonight,RTE,2026-04-16T15:25:45Z,entertainment
Read the memo from Disney's brand chief about why the marketing team got hit hard by layoffs,Business Insider,2026-04-16T15:23:49Z,entertainment
Roku hits a major milestone with 100 million users,The Verge,2026-04-16T15:14:46Z,entertainment
Apple and Google Continue to Offer 'Nudify' Apps that Use AI to Generate Deepfake Porn,Breitbart News,2026-04-16T15:02:20Z,entertainment
Samsung Galaxy Z Fold 8: July 22 Unpacked Date and London Venue,Geeky Gadgets,2026-04-16T15:00:39Z,entertainment
"PHOTOS: Our Room at This Famous Hotel Cost $2,000…And We TOTALLY Understand Why!",disneyfoodblog.com,2026-04-16T15:00:21Z,entertainment
Vampiro Reflects on His Amazing Career as He Gets Ready to Rock One Last Time,TVInsider,2026-04-16T14:54:34Z,entertainment
Victoria Beckham breaks silence on family feud with son Brooklyn and his wife Nicola Peltz,Fox News,2026-04-16T14:50:21Z,entertainment
It's Been 5 Years Since Daniel Craig's Bond Exit. Amazon Boss Just Spoke On Why His Successor Is Taking So Long,CinemaBlend,2026-04-16T14:50:05Z,entertainment
"Jury finds Ticketmaster, Live Nation run monopoly",The Week Magazine,2026-04-16T14:49:39Z,entertainment
"Celtics vs. 76ers schedule: Dates, times, TV channels, scores for 2026 NBA Playoffs first-round series",Sporting News,2026-04-16T14:39:32Z,entertainment
"Nolte: Mamdani Grocery Store Will Take 3 Years to Build, Cost Absurd $30M",Breitbart News,2026-04-16T14:39:13Z,entertainment
"From Medicine to Marketing, Architecture to Advertising: A Diverse Cohort Graduates from MICA 2026  | Loktej Business News",Loktej.com,2026-04-16T14:35:24Z,entertainment
Marina Bay Sands Room Tour: Is This Iconic Hotel Worth the Hype?,allears.net,2026-04-16T14:30:12Z,entertainment
John Mulaney Confirmed That Ridiculous Urinal Prank Will Forte Pulled At SNL,CinemaBlend,2026-04-16T14:29:29Z,entertainment
Hoda Kotb's 'Favorite Part' Of Savannah Guthrie's Today Return Has Me So Emotional,CinemaBlend,2026-04-16T14:16:05Z,entertainment
Netflix Stock Dips Slightly Ahead of Crucial Q1 Earnings Report Expected to Show Strong Growth,Ibtimes.com.au,2026-04-16T14:07:56Z,entertainment
Should You Watch Beef Season 2? The Info You Need In Under 100 Words,CinemaBlend,2026-04-16T14:05:00Z,entertainment
Beef Recap: Everyone Is Scamming,Vulture,2026-04-16T14:00:46Z,entertainment
Former Disney teen star exposes chilling warning signs of predatory behavior in Hollywood,Fox News,2026-04-16T14:00:30Z,entertainment
"Street Fighter's Trailer Is Epic, But 3 Game References Make Me Giddier Than The Rest",CinemaBlend,2026-04-16T13:51:40Z,entertainment
Why PR Experts And Social Media Stars Think Megan Fox Is Losing Out On Millions,CinemaBlend,2026-04-16T13:48:42Z,entertainment
'The AI Doc' director says ‘F*ck you’ to AI companies stealing artists’ IP,Mashable,2026-04-16T13:47:21Z,entertainment
"13 of the best Record Store Day 2026 releases, as picked by TechRadar — Pavement, Public Service Broadcasting and more",TechRadar,2026-04-16T13:46:27Z,entertainment
Investor Aaron Butler scoops up Lincoln Road site where Noble 33 plans restaurant,The Real Deal,2026-04-16T13:45:00Z,entertainment
GameStop Stock Holds Steady Near $24.73 as Cash Pile Fuels Acquisition Buzz in 2026,Ibtimes.com.au,2026-04-16T13:44:30Z,entertainment
Brandi Glanville ends up in urgent care after trying viral TikTok trend,Fox News,2026-04-16T13:35:47Z,entertainment
"Jim Cramer on Booking Holdings: “When the War Ends, I Think This Thing’s Going to Soar”",Yahoo Entertainment,2026-04-16T13:35:36Z,entertainment
I found a hidden live TV section on my smart TV that I'd been missing for years,MakeUseOf,2026-04-16T13:30:58Z,entertainment
‘Foreign investments in India should be 100 times more’,BusinessLine,2026-04-16T13:30:57Z,entertainment
OneCoin’s fallout lingers as US victims get a shot at recovery,Cointelegraph,2026-04-16T13:28:01Z,entertainment
Business News | Savills India Earns Great Place to Work Certification 2026; Recognised Among India's Best Workplaces in Health & Wellness,LatestLY,2026-04-16T13:22:58Z,entertainment
Survivor Producers Need To Understand Why Fans Hated One Big Twist And Loved The Other,CinemaBlend,2026-04-16T13:15:46Z,entertainment
Netflix reveals first image and 2027 release window for Charlie Vs. the Chocolate Factory — and it'll put a deliciously sour twist on Roald Dahl's classic tale,TechRadar,2026-04-16T13:15:38Z,entertainment
Victory+ Brings Dallas Cowboys Content to Fans for Free in Major Multi-Year Streaming Partnership,Financial Post,2026-04-16T13:09:58Z,entertainment
'Lee Cronin's The Mummy' Review: A Family Under Threat From Within,Hollywood Reporter,2026-04-16T13:00:43Z,entertainment
From the Archive: Looking Back at the 1970s Nostalgic Festival Footwear Style,WWD,2026-04-16T13:00:00Z,entertainment
Marvel Looking For A Talent Relations Co-Ordinator… What's Going On?,Bleeding Cool News,2026-04-16T12:59:11Z,entertainment
"How Drunk Does Seth Meyers Get During Those Day Drinking Segments? (Plus, The Secret To Those Hangovers)",CinemaBlend,2026-04-16T12:50:06Z,entertainment
Shannon Elizabeth is Joining OnlyFans on Heels of Divorce Filing,The Hollywood Gossip,2026-04-16T12:46:37Z,entertainment
"Study explores how and why US teens use TikTok, Instagram and Snapchat",Music Ally,2026-04-16T12:30:00Z,entertainment
Shoot of a popular film sequel begins on auspicious occasion of Poila Boishakh,The Times of India,2026-04-16T12:20:18Z,entertainment
Fraud is on the rise. Blame AI,USA Today,2026-04-16T12:17:18Z,entertainment
Jun-yeol Ryu to Star in Netflix Live-Action Series Adaptation of Webtoon G'day,Anime News Network,2026-04-16T12:15:00Z,entertainment
K-Pop’s ‘Big Four’ to collaborate on Fanomenon music festival,Music Ally,2026-04-16T12:15:00Z,entertainment
"DraftKings Announces Intent to Launch Online Sportsbook and Casino in Alberta, Canada",Financial Post,2026-04-16T12:08:30Z,entertainment
The Brutal Critique Christopher Nolan Got ‘Anonymously’ When Interstellar Came Out,CinemaBlend,2026-04-16T12:03:46Z,entertainment
Rogers Expands Satellite-to-Mobile Coverage to the U.S.,Financial Post,2026-04-16T12:02:47Z,entertainment
Asus TUF Gaming A14 (2026) review: Big CPU power in a mispriced gaming laptop,Tom's Hardware UK,2026-04-16T12:00:00Z,entertainment
Style and Decor. Il momento in cui l'estetica personale e le tendenze si incontrano. DECOR INSPIRATION.,Coolchicstylefashion.com,2026-04-16T12:00:00Z,entertainment
Crunchyroll Brings Chainsaw Man Voice Actor Kikunosuke Toya to Thailand,Anime News Network,2026-04-16T12:00:00Z,entertainment
"I Didn't Expect The Floor To Last This Long, But I Am Glad It Did",CinemaBlend,2026-04-16T12:00:00Z,entertainment
"Iran War timeline continues to shift. And, jury rules Live Nation acted as monopoly",NPR,2026-04-16T11:59:11Z,entertainment
Thelma & Louise musical set for world premiere at London theatre,The-independent.com,2026-04-16T11:47:48Z,entertainment
Anonymous perps behind 86 million files scraped from Spotify hit with $322 million court judgement — Anna's Archive case presents intriguing precedent for AI training,Tom's Hardware UK,2026-04-16T11:40:00Z,entertainment
Re:ZERO -Starting Life in Another World- Season 4 ‒ Episodes 1-2,Anime News Network,2026-04-16T11:30:00Z,entertainment
"Laughter Chefs 3: Sunita Ahuja reacts to ending her family feud with Krushna Abhishek and Kashmera Shah; says, “Waqt ka kya bharosa, raat toh soye, pata nahi subah uthenge ke nahi”",The Times of India,2026-04-16T11:28:31Z,entertainment
Spotify just won $322 million from music pirates it can’t find,The Verge,2026-04-16T11:27:42Z,entertainment
The Warrior Princess and the Barbaric King,Anime News Network,2026-04-16T11:25:24Z,entertainment
Ex-Sony Exec Comments on Game Pass,IGN,2026-04-16T11:24:29Z,entertainment
Internal Supreme Court tensions spill into public view,Yahoo Entertainment,2026-04-16T11:02:35Z,entertainment
Historic Israel-Lebanon talks to take place for first time in decades and more top headlines,Fox News,2026-04-16T10:52:24Z,entertainment
"Gianni Infantino confirms first-ever FIFA World Cup final halftime show for 2026 inspired by NFL Super Bowl, Coldplay’s Chris Martin to curate mega event",The Times of India,2026-04-16T10:51:33Z,entertainment
Beef season 2 is the dumbest new Netflix show in years — but I can't stop laughing at these wildly inappropriate cultural Easter eggs,TechRadar,2026-04-16T10:51:14Z,entertainment
"""Couples Therapy"" Season Five Premieres Friday, May 15, Exclusively on Paramount+",Thefutoncritic.com,2026-04-16T10:01:00Z,entertainment
"Prince Harry, Meghan Markle blasted for ‘faux royal tour’ as experts accuse couple of exploiting titles",Fox News,2026-04-16T10:00:20Z,entertainment
"A Burning House, a Quiet Media, a Silenced Majority",Thenation.com,2026-04-16T09:50:00Z,entertainment
YMU Signs Presenter & Podcaster Vogue Williams,Deadline,2026-04-16T09:30:00Z,entertainment
Warner Bros. Files Criminal Complaint Against Chilean IPTV Operator Over “Alarming” Piracy Growth,Torrentfreak.com,2026-04-16T09:08:42Z,entertainment
"Neil Patrick Harris, Tituss Burgess and Ellie Kemper to Star in Forthcoming Mo Willems Children's Book Adaptions for Paramount+",Thefutoncritic.com,2026-04-16T09:01:00Z,entertainment
"Trump hits key battlegrounds to sell tax cuts, boost GOP ahead of midterms",Fox News,2026-04-16T09:00:42Z,entertainment
"A survey of US teens: ~90% say entertainment is a reason they use TikTok, Instagram, or Snapchat, 57% Snapchat message daily, and 37% say TikTok impacts sleep (Pew Research Center)",Mediagazer.com,2026-04-16T08:55:01Z,entertainment
Dr. Oz says Trump thinks diet soda ‘must kill cancer cells’,Headtopics.com,2026-04-16T08:43:07Z,entertainment
IEA chief Birol named sole Turkish figure on Time’s most influential list,Hurriyet Daily News,2026-04-16T08:34:24Z,entertainment
"""SkyMed"" Season 4 Takes Flight May 21 on Paramount+",Thefutoncritic.com,2026-04-16T08:30:00Z,entertainment
Beef Season-Premiere Recap: Mind Games,Vulture,2026-04-16T08:00:09Z,entertainment
How A Convicted Sex Offender Tricked His Way Through The World Of UK Theater: “I Was Terrified Of Him Because Of The Level Of Betrayal”,Deadline,2026-04-16T08:00:00Z,entertainment
Samsung adds Kings of Comedy to Samsung TV Plus in India,SamMobile,2026-04-16T07:30:19Z,entertainment
Hunger Games actor Ethan Jamieson arrested for alleged assault with intent to kill,The-independent.com,2026-04-16T07:17:10Z,entertainment
"Where to watch LOVB championship: Schedule, times, channel, live stream for 2026 volleyball finals",Sporting News,2026-04-16T07:00:02Z,entertainment
How Professors Shaped Some of Last Year’s Biggest Films and Television,Inside Higher Ed,2026-04-16T07:00:00Z,entertainment
Why do nearly 20% of Americans believe they’re ‘basically psychic’?,Swns.live,2026-04-16T17:21:35Z,health
"Clavicular Dropped by Publicist After Overdose Scare, Source Cites Health Concerns",Just Jared,2026-04-16T17:16:43Z,health
‘This moment of bipartisan agreement might not last’,The Week Magazine,2026-04-16T17:16:11Z,health
Robert F. Kennedy Jr. Is Asked About Cutting Off a Raccoon’s Penis,Us Weekly,2026-04-16T17:15:11Z,health
Cataclean Enters Diesel Market With New Diesel Exhaust System & DPF Cleaner,GlobeNewswire,2026-04-16T17:15:00Z,health
Driven Brands (DRVN) Faces Expanded Class Period in Securities Class Action Amid Pending Financial Restatements – Hagens Berman,GlobeNewswire,2026-04-16T17:10:00Z,health
"US stock market rally today: Why Dow Jones, S&P 500, and Nasdaq are suddenly rising amid ceasefire hopes and strong earnings — Is this bull run just getting started?",The Times of India,2026-04-16T17:10:00Z,health
Progressive frontrunner in crucial Senate race faces backlash over comments praising Hamas raid,Fox News,2026-04-16T17:08:56Z,health
Teen Births Are Falling—But America’s Birth Crisis Runs Much Deeper,Daily Signal,2026-04-16T17:08:26Z,health
"Zimbabwe Nurses Reject US$40 Pay Rise, Announce Nationwide Strike",iharare.com,2026-04-16T17:05:01Z,health
USA TODAY Sports projects seven Florida Gators in 2026 NFL draft,USA Today,2026-04-16T17:04:25Z,health
"ImmunityBio, Inc. (IBRX) Facing Securities Class Action Amid FDA Warning Regarding Unsupported Cancer Treatment Claims, $2 Billion Market Capitalization Wiped Out -- Hagens Berman",GlobeNewswire,2026-04-16T17:02:00Z,health
"Assaults on Health NZ staff in EDs surge 74% in two years, reports show",New Zealand Herald,2026-04-16T17:00:00Z,health
"More young Kiwi athletes taking steroids and other banned drugs, sports officials say",New Zealand Herald,2026-04-16T17:00:00Z,health
Charges laid in 2024 death of worker who fell from Edmonton construction site,CBC News,2026-04-16T17:00:00Z,health
"RFK Jr. Estimates Los Angeles Hospice Scams Cost US $5,000,000,000",The Daily Caller,2026-04-16T16:53:57Z,health
GOP zeros in on South Texas Dem who urged Trump to 'allow people to cross freely',Fox News,2026-04-16T16:53:32Z,health
‘He’s got a lot of stamina’: What to watch as the RFK Jr. hearing palooza kicks off - Politico,Slashdot.org,2026-04-16T16:53:21Z,health
Jim Cramer Discusses Big Humana (HUM) Business,Yahoo Entertainment,2026-04-16T16:49:29Z,health
EXCLUSIVE: Freedom Caucus Members Slam TPS Extension for Haitians,Daily Signal,2026-04-16T16:45:00Z,health
"Tiger Woods fighting subpoena for drug records in DUI case, requesting hearing on relevance",CBS Sports,2026-04-16T16:39:35Z,health
"How German rescuers plan to use air cushions to save Timmy the stranded, sick whale",New York Post,2026-04-16T16:34:29Z,health
The 20-year pulse: African American Health Forum convenes Saturday - Power Broker Magazine,Powerbrokermagazine.com,2026-04-16T16:34:29Z,health
‘A handful of tyrants’: Pope apparently escalates feud with Trump in Africa speech,Wnd.com,2026-04-16T16:26:14Z,health
Exclusive: Sen. Tom Cotton on His Bill to Block Pharmaceuticals Made by CCP-Affiliated Companies,Breitbart News,2026-04-16T16:24:51Z,health
Having low blood pressure just got even more important according to new scientific study,LADbible,2026-04-16T16:22:47Z,health
Today’s News in a Nutshell,Khabarhub.com,2026-04-16T16:15:29Z,health
"Lock Them Up: NYPD Cops Brutally Beat Brooklyn Man In Viral Video, Mayor Mamdani Sounds Off",Bossip,2026-04-16T15:59:50Z,health
Pilot killed during Apple Vision Pro immersive video shoot,Cult of Mac,2026-04-16T15:56:56Z,health
Eric Swalwell scandal sends shockwaves through California governor’s race as new poll drops,New York Post,2026-04-16T15:54:18Z,health
Four things to watch as RFK Jr. defends his health agenda on the Hill - The Washington Post,Slashdot.org,2026-04-16T15:53:11Z,health
6 center options for the Chicago Bears in the 2026 NFL Draft,USA Today,2026-04-16T15:36:16Z,health
Kennedy restores staffing at 9/11 health program ahead of Capitol Hill testimony,Abcnews.com,2026-04-16T15:36:05Z,health
Amy Acton ‘Domestic Dispute’ Report Stirring Up Ohio Governor’s Race,Daily Signal,2026-04-16T15:35:00Z,health
Amy Action ‘Domestic Dispute’ Report Stirring Up Ohio Governor’s Race,Daily Signal,2026-04-16T15:35:00Z,health
REPORT: Nearly 200 Dead In ‘World’s Largest Water Fight’,The Daily Caller,2026-04-16T15:31:05Z,health
Pope Leo XIV in Cameroon says ‘the time has come’ to rebuild peace,Ewtnnews.com,2026-04-16T15:30:28Z,health
“Most Trolled Person In The Entire World”: Meghan Markle’s Comments About Online Bullying Spark Backlash,Boredpanda.com,2026-04-16T15:29:52Z,health
Google Faces EU Order to Share Search Data With Rivals,pymnts.com,2026-04-16T15:28:23Z,health
Saint Leo University Expands Online Graduate Programs for Florida Working Professionals,GlobeNewswire,2026-04-16T15:22:00Z,health
Ex-PlayStation boss says Microsoft is 'trying so hard to will' Xbox Game Pass 'into health' and suggests 'a clarifying post mortem would do the entire industry some good',TechRadar,2026-04-16T15:18:48Z,health
RFK Jr. will remake panel that determines which preventative services insurers must cover (Carmen Paun/Politico),Memeorandum.com,2026-04-16T15:15:00Z,health
(VIDEO) Former Virginia Lt. Gov. Justin Fairfax Kills Wife Then Himself in Murder-Suicide Amid Messy Divorce,Ibtimes.com.au,2026-04-16T15:10:01Z,health
Tiger Woods' attorney fights subpoena for prescription drug records in DUI case: reports,Fox News,2026-04-16T15:05:21Z,health
"Clavicular Commits To Sobriety, Quits Livestreaming After On-Camera Overdose",The Daily Caller,2026-04-16T15:03:32Z,health
"Death rate in immigration detention has reached a 22-year-high, raising physicians' concerns",NBC News,2026-04-16T15:02:24Z,health
"In Mamdani’s NYC, sewer socialism is out. Pothole politics is in.",Gothamist,2026-04-16T15:01:06Z,health
Last Words from the Late Vivian Connell,Dianeravitch.net,2026-04-16T15:00:00Z,health
The Infrastructure Play Hiding in Plain Sight Across Cardiac Care,GlobeNewswire,2026-04-16T15:00:00Z,health
"Patriots links 4/16/26: Finding prospect fits: S, OT, LB, ST",Pats Pulpit,2026-04-16T14:50:01Z,health
"Fast-food chain rejects tech trends, doubles down on in-person service",Fox News,2026-04-16T14:47:15Z,health
French Police Rescue Mother and Child After $400K Crypto Ransom Kidnapping,Decrypt,2026-04-16T14:46:38Z,health
Man kills sister’s harasser in WS,The Times of India,2026-04-16T14:46:25Z,health
Kathmandu district Red Cross wraps up first aid training in 6 wards,Peoplesreview.com.np,2026-04-16T14:40:43Z,health
"ImmunityBio Shareholder Alert: ClaimsFiler Reminds Investors With Losses In Excess Of $100,000 Of Lead Plaintiff Deadline In Class Action Lawsuit Against ImmunityBio, Inc. - IBRX",GlobeNewswire,2026-04-16T14:40:00Z,health
Exclusive Poll: Three-Quarters of Voters Support Rolling Back FICO Fees for Credit Score Reports,Breitbart News,2026-04-16T14:38:57Z,health
"Purisaki Berberine Patches 2026 | Effective Weight Loss For Women Lose 12+ lbs per Month Read Benefits, Ingredients, Side Effects, Lunch in USA.",GlobeNewswire,2026-04-16T14:34:00Z,health
Lead contamination crisis exposed in public parks across major southern city,Fox News,2026-04-16T14:32:45Z,health
NBC and the NYT appear to be duped by a discredited technique: facilitated communication,Whyevolutionistrue.com,2026-04-16T14:30:48Z,health
Ken Jennings addresses future on Jeopardy — and the truth about controversial final question that broke 74-win streak,The-independent.com,2026-04-16T14:23:50Z,health
Apple Starts Laying The Groundwork For Its iOS 27 AI Revamp As 4 Features Get Leaked,Wccftech,2026-04-16T14:23:14Z,health
Eagles News: Good perspective on the A.J. Brown situation,Bleeding Green Nation,2026-04-16T14:21:22Z,health
Dubai Health Joins iHope as First Laboratory Partner in the Middle East,Associated Press,2026-04-16T14:21:19Z,health
"Doping is a ‘big problem’ in India, global anti-doping body chief says",Al Jazeera English,2026-04-16T14:16:14Z,health
How Important Is Sleep? Rory McIlroy Had a 92 Sleep Score Before His Masters Repeat.,menshealth.com,2026-04-16T14:13:58Z,health
Samsung SmartThings gets Now Brief integration,GSMArena.com,2026-04-16T14:13:02Z,health
Kennedy returns to Capitol Hill with clout diminished - Axios,Slashdot.org,2026-04-16T14:12:43Z,health
Eurofins CDMO Alphora Announces Integration of Advanced Continuous Flow Technology in API Manufacturing,Financial Post,2026-04-16T14:10:42Z,health
5 reasons Apple’s ecosystem is almost impossible to leave,Cult of Mac,2026-04-16T14:08:28Z,health
SMU launches Longevity Societies and Economies Institute to advance knowledge and innovation for Singapore’s longevity transition,BusinessLine,2026-04-16T14:05:21Z,health
"Adam Hughes, Cancelling Store Signings & Appearances After Diagnosis",Bleeding Cool News,2026-04-16T14:04:09Z,health
Beef Recap: Everyone Is Scamming,Vulture,2026-04-16T14:00:46Z,health
FEMINIST 250: ‘Founding Feminists’ Public Syllabus,Ms. Magazine,2026-04-16T14:00:00Z,health
Genomic diversity analysis enables development of pan-Dengue Toehold RNA sensors,Plos.org,2026-04-16T14:00:00Z,health
Sanitation access and satisfaction in northern Haiti: Insights from a quasi-census survey,Plos.org,2026-04-16T14:00:00Z,health
Burden of antimicrobial resistance in culture-confirmed Salmonella Typhi isolates in India from 1977 to 2024: A systematic review and meta-analysis,Plos.org,2026-04-16T14:00:00Z,health
Why Iran Is Determined to Protect Hezbollah in Any Peace Deal,OilPrice.com,2026-04-16T14:00:00Z,health
"Designing, implementing and embedding transformation-focused evaluation: A framework and insights from a regional food system change initiative",Plos.org,2026-04-16T14:00:00Z,health
"Habitat Services workers in Toronto join the United Steelworkers, strengthening their voice in the social service sector",Financial Post,2026-04-16T13:59:07Z,health
Alphabet Stock Dips Slightly to $333.97 as Investors Await Q1 Earnings and Massive AI Spending,Ibtimes.com.au,2026-04-16T13:55:34Z,health
Colorado Senate Bill Would Overhaul Marijuana Taxes and Shift Testing Oversight to Public Health,Themarijuanaherald.com,2026-04-16T13:52:38Z,health
"From Venezuela to Iran, major operations have kept US Navy supercarrier USS Gerald R. Ford away from home for almost 10 months",Business Insider,2026-04-16T13:51:52Z,health
"In a memo, Condé Nast CEO Roger Lynch says Self magazine is shutting down and its health and wellness content will be integrated into brands like Allure (Emily Sundberg/@emily_sundberg)",Mediagazer.com,2026-04-16T13:50:03Z,health
Chargers Daily Links: Thursday Open Thread,Bolts From The Blue,2026-04-16T13:50:00Z,health
Fantasy Baseball Today: Rankings remain steady but Sal Stewart's breakout forces rise up the boards,CBS Sports,2026-04-16T13:47:21Z,health
AMA: Clinician burnout in specialties persists as overall rates drop,Techtarget.com,2026-04-16T13:46:00Z,health
"Shahmir Khan wants to address mental health issues, burnout & anxiety",The Times of India,2026-04-16T13:44:10Z,health
Kanye West ‘TRAUMATIZED’ … OVER THE SIZE OF PETE DAVIDSON’S MANHOOD!,Showbiz Cheat Sheet,2026-04-16T13:42:50Z,health
XAI Renting GPUs to Cursor – Further GPU Rents Enables Breakeven,Next Big Future,2026-04-16T16:36:08Z,science
The 8 best fantasy movies of all time,The Week Magazine,2026-04-16T16:36:00Z,science
Having low blood pressure just got even more important according to new scientific study,LADbible,2026-04-16T16:22:47Z,science
Has the Iran war supercharged China’s ‘electrostate’ power?,The Week Magazine,2026-04-16T16:18:45Z,science
Today’s News in a Nutshell,Khabarhub.com,2026-04-16T16:15:29Z,science
"New Scientist USA - April 18, 2026",Rlsbb.to,2026-04-16T16:13:05Z,science
Expert analysis on Zohran Mamdani's first 100 days as NYC mayor,CBS News,2026-04-16T16:11:48Z,science
Blue Origin New Glenn 3 Has a Good Static Fire,Next Big Future,2026-04-16T16:10:13Z,science
Surprise Tornadoes Raise Q's About Weather Service Cuts,Newser,2026-04-16T16:10:00Z,science
Does California have the nation’s best job market?,OCRegister,2026-04-16T16:07:25Z,science
BBC Inside Science,BBC News,2026-04-16T16:00:00Z,science
The loons have been handed the control of science,Freethoughtblogs.com,2026-04-16T15:51:32Z,science
"Israel, Lebanon agree 10-day ceasefire, Trump says",DW (English),2026-04-16T15:50:00Z,science
5 new podcasts to listen to this week,The-independent.com,2026-04-16T15:18:40Z,science
"Science Slot, Arteta On Fire, Orban Lit, McClean Media, Dub Doubt - 16/04/26",Acast.com,2026-04-16T15:02:15Z,science
Miss Succession? Brian Cox's new movie Glenrothan will make you rethink dysfunctional family dynamics all over again — and is a world away from Waystar Royco,TechRadar,2026-04-16T15:00:00Z,science
Graham Platner Apologizes for Using the R-Word,Mother Jones,2026-04-16T14:37:00Z,science
"Purisaki Berberine Patches 2026 | Effective Weight Loss For Women Lose 12+ lbs per Month Read Benefits, Ingredients, Side Effects, Lunch in USA.",GlobeNewswire,2026-04-16T14:34:00Z,science
World has changed but our parents career advice has not: Bengaluru CEO questions uncle’s computer engineering only advice for Class 12 pass cousin,The Times of India,2026-04-16T14:33:51Z,science
Autodesk Donates $1.95 Million to Howard University and Celebrates the Opening of a New Makerspace,GlobeNewswire,2026-04-16T14:33:00Z,science
Astronomers measure the mind-blowing power and speed of black hole jets for the first time - AP News,Slashdot.org,2026-04-16T14:32:08Z,science
Iran war: US ready to attack if no Iran deal reached,DW (English),2026-04-16T14:32:00Z,science
NBC and the NYT appear to be duped by a discredited technique: facilitated communication,Whyevolutionistrue.com,2026-04-16T14:30:48Z,science
Eagles News: Good perspective on the A.J. Brown situation,Bleeding Green Nation,2026-04-16T14:21:22Z,science
Generative AI in the Real World: Aishwarya Naresh Reganti on Making AI Work in Production,Oreilly.com,2026-04-16T14:03:20Z,science
FEMINIST 250: ‘Founding Feminists’ Public Syllabus,Ms. Magazine,2026-04-16T14:00:00Z,science
Genomic diversity analysis enables development of pan-Dengue Toehold RNA sensors,Plos.org,2026-04-16T14:00:00Z,science
Burden of antimicrobial resistance in culture-confirmed Salmonella Typhi isolates in India from 1977 to 2024: A systematic review and meta-analysis,Plos.org,2026-04-16T14:00:00Z,science
A computer without electricity? Mechanical computing concept 'could help improve people's lives' with all sorts of potential real-world uses,TechRadar,2026-04-16T13:36:04Z,science
"Astrana Health, Inc. (NASDAQ:ASTH) Given Average Rating of ""Moderate Buy"" by Analysts",MarketBeat,2026-04-16T13:17:16Z,science
Behold the Punny Titles of ‘Rick and Morty’ Season 9,Gizmodo.com,2026-04-16T13:00:01Z,science
Beyond Party Lines: Resonate Data Reveals What Actually Motivates 2026 Primary Voters and What Campaigns Need to Do About It,GlobeNewswire,2026-04-16T13:00:00Z,science
Fake banknotes mocked a US president. And are now worth thousands.,Popular Science,2026-04-16T13:00:00Z,science
Donald Clarke: A Greenland shark is the sort of chap you could go for a pint with,The Irish Times,2026-04-16T12:10:00Z,science
"DJI Osmo Pocket 4 won’t be available in the US officially, but XTRA MUSE 2 PRO Will",Geeky Gadgets,2026-04-16T12:04:24Z,science
Can Eye Makeup Harm Your Eyes? What to Know and Safer Alternatives,Women's Health,2026-04-16T12:03:55Z,science
Posthaste: Canada faces an entrepreneurial ‘drought’ as more businesses close than open,Financial Post,2026-04-16T12:00:45Z,science
A Diet High in These 3 Foods Can Reduce Heart Disease Risk,TODAY,2026-04-16T12:00:00Z,science
Thursday: Hili dialogue,Whyevolutionistrue.com,2026-04-16T11:45:59Z,science
"ACHIEVE-4, the longest Phase 3 study of Lilly's Foundayo (orforglipron) to date, reaffirmed its cardiovascular and overall safety profile as well as consistent improvements across key measures of cardiometabolic health",Crweworld.com,2026-04-16T11:30:40Z,science
"Helus Pharma Strengthens Medical Leadership by Appointing Dr. Ken Kramer as Senior Vice President, Medical Affairs",GlobeNewswire,2026-04-16T11:30:00Z,science
Inside That Weird Anti-Science Conference Where Trump’s EPA Chief Delivered the Keynote,Mother Jones,2026-04-16T11:30:00Z,science
How the American Oligarchy Went Hyperscale,Mother Jones,2026-04-16T11:00:00Z,science
"Creating Baby Geniuses to Thwart the AI Threat? (Yes, Really.)",Mother Jones,2026-04-16T11:00:00Z,science
Tech Billionaires Want Christians to Believe in AI,Mother Jones,2026-04-16T11:00:00Z,science
The Vivo X300 Ultra finally steps outside China with pre-order freebies,PhoneArena,2026-04-16T10:40:39Z,science
"This Is The Often Overlooked Cause Of Insulin Resistance (Nope, Not Sugar!)",mindbodygreen.com,2026-04-16T10:38:00Z,science
Desert Worlds in Habitable Zones Unlikely to Support Life Without Sufficient Surface Water,Spacewar.com,2026-04-16T10:25:55Z,science
Three-Body Exoplanet System TOI-201 Caught Changing Its Orbital Architecture in Real Time,Spacewar.com,2026-04-16T10:25:55Z,science
Sulfur Plays the Role of Oxygen in Mercury Magmas Reshaping How the Planet Formed,Spacewar.com,2026-04-16T10:25:55Z,science
BBC Science Focus editor Daniel Bennett says Apple News helped the title nearly double its editorial staff from six to 11 and reach 3M monthly page views (Alice Brooker/Press Gazette),Mediagazer.com,2026-04-16T10:10:01Z,science
A Joint Research Project With Université Laval Aims to Enable Aplantex to Increase Its Production of High-Value Molecules,Financial Post,2026-04-16T10:05:44Z,science
My surname makes people laugh. So I turned it into a research tool,The-independent.com,2026-04-16T10:03:20Z,science
Alycia Baumgardner is fighting for gender equality for women in the ring,NBC News,2026-04-16T10:00:41Z,science
"A Burning House, a Quiet Media, a Silenced Majority",Thenation.com,2026-04-16T09:50:00Z,science
1.3 bn people had liver disease globally in 2023: Lancet study,The Times of India,2026-04-16T09:31:02Z,science
​Who is Hungary’s Péter Magyar and how he overturned Viktor Orbán’s illiberal democracy,The Conversation Africa,2026-04-16T09:16:55Z,science
"2026 is the year payroll stacks break, and AI must grow up",TechRadar,2026-04-16T09:01:54Z,science
"House showdown: Democrat backed by Sanders, AOC faces Republican trying to flip blue-leaning district",Fox News,2026-04-16T09:00:19Z,science
The newest prediction markets guru is a middle schooler in braces,Business Insider,2026-04-16T09:00:02Z,science
The Blockheaded Thinking Behind Trump’s Plan for a Hormuz Blockade,Thenation.com,2026-04-16T09:00:00Z,science
American microbiologist behind global water safety breakthrough wins 2026 Lee Kuan Yew Water Prize,Associated Press,2026-04-16T08:52:43Z,science
IEA chief Birol named sole Turkish figure on Time’s most influential list,Hurriyet Daily News,2026-04-16T08:34:24Z,science
"What IBS, Vitamin D Deficiency & Diabetes Reveal About Brain Health",mindbodygreen.com,2026-04-16T08:31:00Z,science
OPINION: The Transphobia Of The Lesbian Action Group Will Not Save Them,Starobserver.com.au,2026-04-16T07:31:53Z,science
What we know about the cause and impact of the Viva Energy oil refinery fire,ABC News (AU),2026-04-16T07:10:42Z,science
How to tell if your dog is in pain and what to do if they are,ABC News (AU),2026-04-16T07:09:17Z,science
How Professors Shaped Some of Last Year’s Biggest Films and Television,Inside Higher Ed,2026-04-16T07:00:00Z,science
Xanadu Quantum Stock Surges 194% YTD: Buy the Photonic Computing Hype or Sell Before Reality Bites in 2026?,Ibtimes.com.au,2026-04-16T06:18:23Z,science
Deputy minister urges on-target strategy to close AI development gap,Antaranews.com,2026-04-16T06:16:00Z,science
"Study: Time-Restricted Eating Shows Weight Loss, Hormonal Benefits in Women with PCOS",Naturalnews.com,2026-04-16T06:00:00Z,science
Skeptical Science New Research for Week #16 2026,Skepticalscience.com,2026-04-16T05:23:40Z,science
"Galderma Launches New Alastin Regenerating Skin Nectar with TriHex+™, Powered by Its Next-Generation TriHex Technology® Regenerative Platform",Financial Post,2026-04-16T05:00:52Z,science
Computers go cyberpunk as Gen Z tricks out its own cyberdecks,The Week Magazine,2026-04-16T05:00:00Z,science
US Oil Exports Up A Few Million Barrels Per Day,Next Big Future,2026-04-16T04:47:00Z,science
British climbers complete new route in Swiss Alps,BBC News,2026-04-16T04:24:16Z,science
Terafab Equipment and Chip Orders,Next Big Future,2026-04-16T04:10:40Z,science
"Parkes Community: Incinerator project causes fear, mental health toll",Theland.com.au,2026-04-16T04:06:00Z,science
SpaceX Successfully Static Fires V3 Booster,Next Big Future,2026-04-16T03:49:12Z,science
Study Links Ultra-Processed Foods to Adolescent Obesity,Lifetechnology.com,2026-04-16T02:35:23Z,science
"CGTN: How China, Spain deepen ties amid global uncertainty",GlobeNewswire,2026-04-16T02:17:00Z,science
What Happens When Light Goes Boom? Part 1: The Scientist Who Stared at a Glow,Universe Today,2026-04-16T02:06:00Z,science
Yellowstone nearing eruption as new study finds magma brimming below the surface: scientists,Freerepublic.com,2026-04-16T02:03:00Z,science
Ethereum MACD Flashes Golden Cross—Price Surged 74%+ Last 3 Times,newsBTC,2026-04-16T02:00:41Z,science
Why is Tesla Up $28,Next Big Future,2026-04-16T01:55:24Z,science
GOP senator made emergency landing in jet owned by NASA chief he helped install,Raw Story,2026-04-16T01:47:11Z,science
Career tech programs take center stage at Montgomery Chamber ‘State of Schools’ event,WSFA,2026-04-16T00:56:28Z,science
South Dakota Neutrino Project At SURF Named 2026 Underground Project Of The Year,Kotatv,2026-04-16T00:00:00Z,science
The Unpublished Risk: Scientific Censorship and Lingering Questions on mRNA Vaccines,Shtfplan.com,2026-04-15T22:30:56Z,science
Path cleared for UTAS to sell Sandy Bay land for residential development,ABC News (AU),2026-04-15T22:10:38Z,science
"Charles Schwab Weighs Prediction Markets Move as Bitcoin, Ethereum Trading Nears",Decrypt,2026-04-16T17:26:22Z,sports
Tennis star Bianca Andreescu reveals harsh truth after US Open win at 19 as injuries exposed people around her,The Times of India,2026-04-16T17:24:09Z,sports
Chipotle is bringing back its BOGO hockey jersey offer: here’s how to get yours,Merca20.com,2026-04-16T17:23:09Z,sports
Diablo 4: Lord of Hatred is revealing too much too soon and Blizzard risks ruining the joy of discovery,Windows Central,2026-04-16T17:21:41Z,sports
Tank Proctor flips from Auburn Tigers to Kentucky Wildcats,A Sea Of Blue,2026-04-16T17:20:42Z,sports
Colts 'dream scenario' in NFL draft addresses major roster hole,USA Today,2026-04-16T17:19:26Z,sports
Kentucky Wildcats News: Donnie Freeman and Alex Wilkins Watch,A Sea Of Blue,2026-04-16T17:16:27Z,sports
‘This moment of bipartisan agreement might not last’,The Week Magazine,2026-04-16T17:16:11Z,sports
PGA tour winner says golfers who beat up course look 'very spoiled' after Sergio Garcia's Masters meltdown,Fox News,2026-04-16T17:09:08Z,sports
"One week to go before the NFL Draft: Bold predictions, a mock draft fans will hate and teams under pressure",CBS Sports,2026-04-16T17:05:24Z,sports
New York Yankees vs. Los Angeles Angels: Max Fried vs. Brent Suter,Pinstripe Alley,2026-04-16T17:05:00Z,sports
USA TODAY Sports projects seven Florida Gators in 2026 NFL draft,USA Today,2026-04-16T17:04:25Z,sports
What to do if you've already paid for FanDuel Sports Network Detroit?,The Detroit News,2026-04-16T17:03:40Z,sports
"More young Kiwi athletes taking steroids and other banned drugs, sports officials say",New Zealand Herald,2026-04-16T17:00:00Z,sports
MLB umpire Brock Ballou assaulted in Philadelphia as second violent attack within minutes raises concern,The Times of India,2026-04-16T16:59:49Z,sports
Auston Matthews’ stance on his uncertain future with the Toronto Maple Leafs sparks concern in the NHL community,The Times of India,2026-04-16T16:58:39Z,sports
"CFTC Chair Mike Selig Faces Bipartisan Pushback on Prediction Markets, Hyperliquid Perps",Decrypt,2026-04-16T16:57:52Z,sports
Cause of death revealed for SoCal football star,New York Post,2026-04-16T16:55:56Z,sports
"Netflix Expands Video Podcast Slate With Shows from ‘Rotten Mango’ Creator Stephanie Soo, Evan Ross Katz, NBC News’ Ellison Barber and Magician David Kwong",Variety,2026-04-16T16:54:16Z,sports
"Saudis now want sports to make money, clouding LIV Golf’s future",Financial Post,2026-04-16T16:44:40Z,sports
"Tennessee confident in landing commitment from No. 1 player in Tennessee over Auburn, Ole Miss, USC",Sporting News,2026-04-16T16:41:41Z,sports
FIFA fires back at New Jersey Gov Mikie Sherill over demand to pay for World Cup transit tickets,Fox News,2026-04-16T16:37:37Z,sports
"PREVIEW | Tottenham vs Brighton & Hove Albion: team news, lineups, predictions (Premier League 18/04)",Playmakerstats.com,2026-04-16T16:35:00Z,sports
Is this the beginning of the end for LIV Golf?,BBC News,2026-04-16T16:21:01Z,sports
How Arch Manning saved the Longhorns’ 2025 season,The Big Lead,2026-04-16T16:18:11Z,sports
Today’s News in a Nutshell,Khabarhub.com,2026-04-16T16:15:29Z,sports
"Orioles vs. Guardians prediction: Odds, recent stats, trends, and best bets for April 16",NBCSports.com,2026-04-16T16:14:10Z,sports
2026 NFL mock draft: Revealing picks 33-49 - Pride Of Detroit,Slashdot.org,2026-04-16T16:12:39Z,sports
Wall Street quants see an edge in Polymarket earnings forecasts,Financial Post,2026-04-16T16:11:18Z,sports
"Timberwolves vs. Nuggets: Who wins heavyweight clash? Series keys, schedule and prediction",Yahoo Entertainment,2026-04-16T16:02:30Z,sports
Arteta knows Arsenal has to improve as a team,Just Arsenal News,2026-04-16T16:00:00Z,sports
Today's news and jokes,Superpunch.net,2026-04-16T16:00:00Z,sports
Josh Barnett’s BloodSport XV set to showcase why its the ‘hardest hitting event in professional wrestling’,Fox News,2026-04-16T15:52:54Z,sports
MISD celebrates student-athletes on National Signing Day,Oaoa.com,2026-04-16T15:48:00Z,sports
Gordon among star trio that could leave Newcastle,Sky Sports,2026-04-16T15:45:00Z,sports
NCAA explores age-based eligibility plan amid redshirt debate,USA Today,2026-04-16T15:44:35Z,sports
Apple All Set To Consume 2.4 Exabytes Of LPDDR5 Memory This Year Even As DRAM Costs Explode,Wccftech,2026-04-16T15:40:44Z,sports
Tennessee AD Danny White 'proud' how Lady Vols coach Kim Caldwell rebuilt roster,Knoxville News Sentinel,2026-04-16T15:40:30Z,sports
6 center options for the Chicago Bears in the 2026 NFL Draft,USA Today,2026-04-16T15:36:16Z,sports
Awards for Irish television to be presented tonight,RTE,2026-04-16T15:25:45Z,sports
Astros' $54M pitcher blames arm fatigue on struggle to adjust to American lifestyle,Fox News,2026-04-16T15:24:37Z,sports
Read the memo from Disney's brand chief about why the marketing team got hit hard by layoffs,Business Insider,2026-04-16T15:23:49Z,sports
UNC basketball named an early loser in transfer portal,USA Today,2026-04-16T15:19:08Z,sports
LIV Golf's remaining nine events are fully funded. What's left?,USA Today,2026-04-16T15:15:37Z,sports
"2027 4-star WR Julian Caldwell announces commitment date, Ducks in mix",USA Today,2026-04-16T15:14:37Z,sports
"Royals vs. Tigers prediction: Odds, recent stats, trends, and best bets for April 16",NBCSports.com,2026-04-16T15:07:35Z,sports
Tiger Woods' attorney fights subpoena for prescription drug records in DUI case: reports,Fox News,2026-04-16T15:05:21Z,sports
Howe's future at a 'crossroads' as Newcastle's transfer priorities revealed,Sky Sports,2026-04-16T15:02:00Z,sports
UCLA MBB Signs Two High School Recruits For 2026-27 Season,Lasportsreport.com,2026-04-16T15:00:00Z,sports
All Seasons of Alan Ritchson’s 8.3 IMDb Sitcom Are Leaving Netflix,ComingSoon.net,2026-04-16T15:00:00Z,sports
Match Preview: Brentford v Fulham,Brentfordfc.com,2026-04-16T15:00:00Z,sports
Vampiro Reflects on His Amazing Career as He Gets Ready to Rock One Last Time,TVInsider,2026-04-16T14:54:34Z,sports
"Patriots links 4/16/26: Finding prospect fits: S, OT, LB, ST",Pats Pulpit,2026-04-16T14:50:01Z,sports
"Celtics vs. 76ers schedule: Dates, times, TV channels, scores for 2026 NBA Playoffs first-round series",Sporting News,2026-04-16T14:39:32Z,sports
"From Medicine to Marketing, Architecture to Advertising: A Diverse Cohort Graduates from MICA 2026  | Loktej Business News",Loktej.com,2026-04-16T14:35:24Z,sports
“What we give doesn’t always return”: Sarah Jane Ramos sounds off after Dak Prescott split as custody talks stay peaceful,The Times of India,2026-04-16T14:32:02Z,sports
"U.S. Senator to introduce bill aimed at ending sports blackouts, making games easier to watch for fans",Yahoo Entertainment,2026-04-16T14:21:28Z,sports
"In Warriors’ win, Al Horford did ‘one of the most difficult things in sports’",New York Post,2026-04-16T14:19:09Z,sports
"Doping is a ‘big problem’ in India, global anti-doping body chief says",Al Jazeera English,2026-04-16T14:16:14Z,sports
Georgio Poullas just showed Arman Tsarukyan what their RAF rivalry bought him,Sporting News,2026-04-16T14:14:26Z,sports
FIFA ‘surprised’ by US backlash as transport costs skyrocket at World Cup,Al Jazeera English,2026-04-16T14:13:31Z,sports
MTA hiring for major infrastructure project in NYC,WPIX 11 New York,2026-04-16T14:10:08Z,sports
Angelo Stiller responds to Luke Littler’s “please come” to Man United plea,The Peoples Person,2026-04-16T14:10:00Z,sports
"Toronto Maple Leafs management dysfunction allegations reported cost cutting claims, management controversies and NHL trade uncertainty issues",The Times of India,2026-04-16T14:09:14Z,sports
Beef Recap: Everyone Is Scamming,Vulture,2026-04-16T14:00:46Z,sports
"How to watch Premier League Darts 2026 Rotterdam: Live stream, TV channel and schedule",Sporting News,2026-04-16T14:00:01Z,sports
Vancouver Canucks star Elias Pettersson’s wife Katelyn Pettersson shares grief after second miscarriage loss publicly amid Canucks NHL playoff season,The Times of India,2026-04-16T13:55:17Z,sports
Sheffield Wednesday's future depends on crucial next three weeks,Sky Sports,2026-04-16T13:52:00Z,sports
Chargers Daily Links: Thursday Open Thread,Bolts From The Blue,2026-04-16T13:50:00Z,sports
Why PR Experts And Social Media Stars Think Megan Fox Is Losing Out On Millions,CinemaBlend,2026-04-16T13:48:42Z,sports
Another Drug Boat Bombing,Reason,2026-04-16T13:38:37Z,sports
WATCH: Hegseth says Americans 'see the success' in Iran,PBS,2026-04-16T13:38:23Z,sports
Jeremy Swayman playing status update boosts Boston Bruins ahead of Buffalo Sabres NHL playoff series,The Times of India,2026-04-16T13:36:02Z,sports
"Cowboys Headlines: Draft trade buzz explodes, new uniforms for the ops",USA Today,2026-04-16T13:31:43Z,sports
I found a hidden live TV section on my smart TV that I'd been missing for years,MakeUseOf,2026-04-16T13:30:58Z,sports
LIV Golf 2026 Season Pushes Forward Despite Saudi Funding Uncertainty and Billions in Losses,Ibtimes.com.au,2026-04-16T13:30:36Z,sports
Business News | Savills India Earns Great Place to Work Certification 2026; Recognised Among India's Best Workplaces in Health & Wellness,LatestLY,2026-04-16T13:22:58Z,sports
LIV Golf leader says the show will go on amid reports of Saudi funding uncertainty,NBCSports.com,2026-04-16T13:20:32Z,sports
Hockey legend Wayne Gretzky chooses Connor McDavid ahead of Nikita Kucherov in NHL Hart Trophy race,The Times of India,2026-04-16T13:19:43Z,sports
"How to watch Aston Villa v Bologna, team news, predicted line-ups and more",Hayters.com,2026-04-16T13:10:00Z,sports
"How to watch Nottingham Forest v Porto, team news, predicted line-ups and more",Hayters.com,2026-04-16T13:10:00Z,sports
"How to watch Fiorentina v Crystal Palace, team news, predicted line-ups and more",Hayters.com,2026-04-16T13:10:00Z,sports
Victory+ Brings Dallas Cowboys Content to Fans for Free in Major Multi-Year Streaming Partnership,Financial Post,2026-04-16T13:09:58Z,sports
Ottawa Senators captain Brady Tkachuk injury update raises concerns ahead of NHL playoff series opener against Carolina Hurricanes,The Times of India,2026-04-16T13:03:01Z,sports
Paramount’s Upfront Pitch Is About Three Things,AdExchanger,2026-04-16T13:00:37Z,sports
TruGolf Reports Fourth Quarter and Full Year 2025 Results,GlobeNewswire,2026-04-16T13:00:00Z,sports
"Cubs 11, Phillies 2: Shōta Imanaga dominates and Nico Hoerner drives in five",Bleed Cubbie Blue,2026-04-16T13:00:00Z,sports
Where Wisconsin basketball ranks in early 2026-27 season projection,USA Today,2026-04-16T12:56:02Z,sports
Trump Makes Endorsement in Key House Race,Daily Signal,2026-04-16T12:50:22Z,sports
Disney Adults NEED to STOP Breaking this Magic Kingdom Rule,disneyfoodblog.com,2026-04-16T12:50:14Z,sports
"Charles Schwab Weighs Prediction Markets Move as Bitcoin, Ethereum Trading Nears",Decrypt,2026-04-16T17:26:22Z,technology
Pahoa Agricultural Park eyed for piggeries,Hawaii Tribune-Herald (subscription),2026-04-16T17:05:26Z,technology
"More young Kiwi athletes taking steroids and other banned drugs, sports officials say",New Zealand Herald,2026-04-16T17:00:00Z,technology
Walmart launches new portal for facility services,DigitalCommerce360,2026-04-16T16:58:01Z,technology
Steven Spielberg Comments on Disclosure Day,IGN,2026-04-16T16:57:47Z,technology
Tesla’s China chief calls Shanghai factory a ‘golden key’ to mass-producing humanoid robots,The Next Web,2026-04-16T16:53:27Z,technology
XAI Renting GPUs to Cursor – Further GPU Rents Enables Breakeven,Next Big Future,2026-04-16T16:36:08Z,technology
"HTGC ALERT: Hercules Capital (HTGC) Facing Securities Class Action After Claims Company Copied Google Ventures, Questions Marks and PIKs -- Hagens Berman",GlobeNewswire,2026-04-16T16:31:00Z,technology
Starlink Roam: Decent Internet In The Great Outdoors,PCMag.com,2026-04-16T16:30:09Z,technology
764: the online extremist group targeting kids nationwide,The Week Magazine,2026-04-16T16:28:41Z,technology
"What’s the point of the App Store, if it can’t protect users?",Macworld,2026-04-16T16:24:29Z,technology
5 mistakes teams make when introducing AI agents,Optimizely.com,2026-04-16T16:23:27Z,technology
"NIST admits defeat on NVD backlog, will enrich only highest-risk CVEs going forward",Help Net Security,2026-04-16T16:19:50Z,technology
Want to build a startup that gets acquired? This founder shares 5 proven tips,ZDNet,2026-04-16T16:18:00Z,technology
Today’s News in a Nutshell,Khabarhub.com,2026-04-16T16:15:29Z,technology
These jaw-dropping photos show why Samsung and Google are no longer camera phone champs,Android Police,2026-04-16T16:15:10Z,technology
The Grateful Dead’s New Streaming Service Is the ‘Largest Tape-Transfer Project in Rock History’,Rolling Stone,2026-04-16T16:14:44Z,technology
"New Scientist USA - April 18, 2026",Rlsbb.to,2026-04-16T16:13:05Z,technology
Blue Origin New Glenn 3 Has a Good Static Fire,Next Big Future,2026-04-16T16:10:13Z,technology
Does California have the nation’s best job market?,OCRegister,2026-04-16T16:07:25Z,technology
"'Is AI impacting jobs right now? We’ve looked and, honestly, we haven’t seen it': LinkedIn exec says AI isn't causing a big drop-off in hiring just yet",TechRadar,2026-04-16T16:05:00Z,technology
"US Solar Cell Manufacturer Rises From The Dead, Again",CleanTechnica,2026-04-16T16:01:13Z,technology
How To Create Text Badges In Divi 5,Elegantthemes.com,2026-04-16T16:00:00Z,technology
"Israel, Lebanon agree 10-day ceasefire, Trump says",DW (English),2026-04-16T15:50:00Z,technology
"Eos Energy Enterprises (EOSE) Faces Securities Class Action Amid Analyst Questions Over Management’s Transparency, Shares Crater 39% -- Hagens Berman",GlobeNewswire,2026-04-16T15:36:00Z,technology
'Anyone with $10 could have walked straight through': Report warns this legit-looking software is actually antivirus-killing adware,TechRadar,2026-04-16T15:35:00Z,technology
“Most Trolled Person In The Entire World”: Meghan Markle’s Comments About Online Bullying Spark Backlash,Boredpanda.com,2026-04-16T15:29:52Z,technology
"Trump administration looks to Ford, GM in WWII-style weapons push: report",New York Post,2026-04-16T15:26:30Z,technology
New FBI warning reveals phishing attacks hitting private chats,Fox News,2026-04-16T15:23:38Z,technology
Precore Gold Completes Data Compilation and Readies for AI Driven Drill Target Identification at Their Lac Big-Rush Gold Property in Quebec,GlobeNewswire,2026-04-16T15:22:00Z,technology
S&P 500 Climbs to Fresh Record High Near 7038 as Tech Earnings Optimism Overshadows Geopolitical Risks,Ibtimes.com.au,2026-04-16T15:21:50Z,technology
"ABBYY, IBM & Red Hat announce DocLang, open source universal document format",ComputerWeekly.com,2026-04-16T15:16:28Z,technology
The U.S. Imports 95% of Its Uranium. One Nasdaq-Listed Newcomer is the Largest Conventional Deposit in the Country,GlobeNewswire,2026-04-16T15:08:00Z,technology
"Walmart Deepens Commitment to Massachusetts, Fueling Long-Term Impact and Future Statewide Investments",Associated Press,2026-04-16T15:06:40Z,technology
Apple and Google Continue to Offer 'Nudify' Apps that Use AI to Generate Deepfake Porn,Breitbart News,2026-04-16T15:02:20Z,technology
Rumble Stock Rockets 18 Percent as Video Platform Launches Exchange Offer for AI Powerhouse Northern Data,Ibtimes.com.au,2026-04-16T15:02:13Z,technology
Schneider Electric unveils next generation agentic manufacturing capabilities powered by Microsoft Azure AI at Hannover Messe 2026,Financial Post,2026-04-16T15:01:24Z,technology
The BLUETTI FridgePower — Real-World Review,CleanTechnica,2026-04-16T15:00:52Z,technology
Samsung Galaxy Z Fold 8: July 22 Unpacked Date and London Venue,Geeky Gadgets,2026-04-16T15:00:39Z,technology
The Infrastructure Play Hiding in Plain Sight Across Cardiac Care,Financial Post,2026-04-16T15:00:16Z,technology
BLUETTI Launches FridgePower on Kickstarter to Address Rising Power Outages in Canada,Financial Post,2026-04-16T15:00:10Z,technology
The Supreme Court Is Functioning Better Than You Think,Rolling Stone,2026-04-16T15:00:00Z,technology
HII to Showcase Company’s Role as America’s Seapower Company at Sea-Air-Space 2026,GlobeNewswire,2026-04-16T15:00:00Z,technology
Last Words from the Late Vivian Connell,Dianeravitch.net,2026-04-16T15:00:00Z,technology
The Infrastructure Play Hiding in Plain Sight Across Cardiac Care,GlobeNewswire,2026-04-16T15:00:00Z,technology
Crypto for Advisors: Tokenization’s evolution,CoinDesk,2026-04-16T15:00:00Z,technology
"Post-Quantum Cryptography Migration at Meta: Framework, Lessons, and Takeaways",Fb.com,2026-04-16T14:59:44Z,technology
Quantum stocks on pace for a massive week after Nvidia debuts AI models to boost the tech,CNBC,2026-04-16T14:56:58Z,technology
Coventry Ranks #1 in 2025 Life Settlement League Table Report,Financial Post,2026-04-16T14:50:00Z,technology
"Super Micro Computer Shareholder Alert: ClaimsFiler Reminds Investors With Losses In Excess Of $100,000 Of Lead Plaintiff Deadline In Class Action Lawsuits Against Super Micro Computer, Inc. - SMCI",GlobeNewswire,2026-04-16T14:35:00Z,technology
Field Notes: FedEx CFO Departs as Critical Loop Charges Up,WWD,2026-04-16T14:35:00Z,technology
Tyler Robinson judge unseals ATF report in assassination of Charlie Kirk,Fox News,2026-04-16T14:34:26Z,technology
World has changed but our parents career advice has not: Bengaluru CEO questions uncle’s computer engineering only advice for Class 12 pass cousin,The Times of India,2026-04-16T14:33:51Z,technology
Autodesk Donates $1.95 Million to Howard University and Celebrates the Opening of a New Makerspace,GlobeNewswire,2026-04-16T14:33:00Z,technology
Iran war: US ready to attack if no Iran deal reached,DW (English),2026-04-16T14:32:00Z,technology
French Open prize money to increase by 9.5%,BBC News,2026-04-16T14:29:04Z,technology
French Open prize money to increase by 9.5%,BBC News,2026-04-16T14:28:59Z,technology
Trump List of Saved Projects Spares $5 Billion Hydrogen Hubs,Financial Post,2026-04-16T14:27:36Z,technology
"Walmart Deepens Commitment to North Carolina, Fueling Long-Term Impact and Future Statewide Investments",Associated Press,2026-04-16T14:27:23Z,technology
"Apple hits record recycled material use, eliminates plastic packaging",Cult of Mac,2026-04-16T14:25:56Z,technology
"AI helped CIBC save 1.2 million hours, cut mortgage approval times at TD, CEOs say",Financial Post,2026-04-16T14:22:20Z,technology
NMG Announces Closing of US$96.5 Million Equity Public Offering,Financial Post,2026-04-16T14:20:35Z,technology
"What’s up with… Really Wireless, smartphones, VodafoneThree",TelecomTV,2026-04-16T14:20:30Z,technology
Aehr Test Systems Stock Explodes 17 Percent on Massive $41 Million AI Chip Testing Order,Ibtimes.com.au,2026-04-16T14:19:41Z,technology
NPR receives $113 million in charitable gifts,NPR,2026-04-16T14:18:37Z,technology
Eurofins CDMO Alphora Announces Integration of Advanced Continuous Flow Technology in API Manufacturing,Financial Post,2026-04-16T14:10:42Z,technology
Textron Aviation Expands High‑Speed Cabin Connectivity With Gogo 5G Upgrade for Cessna Citation Business Jets,Financial Post,2026-04-16T14:10:30Z,technology
Wärtsilä’s 34SG engine makes its data center debut with new 412 MW U.S. project,GlobeNewswire,2026-04-16T14:10:00Z,technology
Netflix Stock Dips Slightly Ahead of Crucial Q1 Earnings Report Expected to Show Strong Growth,Ibtimes.com.au,2026-04-16T14:07:56Z,technology
SMU launches Longevity Societies and Economies Institute to advance knowledge and innovation for Singapore’s longevity transition,BusinessLine,2026-04-16T14:05:21Z,technology
Altus Group Recognized as “Data Solution of the Year for Real Estate” in 2026 Data Breakthrough Awards,Financial Post,2026-04-16T14:04:09Z,technology
FEMINIST 250: ‘Founding Feminists’ Public Syllabus,Ms. Magazine,2026-04-16T14:00:00Z,technology
Justin Fairfax & Wife Dead in Murder-Suicide: Updates,New York Magazine,2026-04-16T13:58:00Z,technology
Alphabet Stock Dips Slightly to $333.97 as Investors Await Q1 Earnings and Massive AI Spending,Ibtimes.com.au,2026-04-16T13:55:34Z,technology
'The AI Doc' director says ‘F*ck you’ to AI companies stealing artists’ IP,Mashable,2026-04-16T13:47:21Z,technology
Ronan Farrow on Sam Altman’s ‘unconstrained’ relationship with the truth,The Verge,2026-04-16T13:47:17Z,technology
Muppets Coaster Previews Are Coming To Disney and Passholders Could Be on The List,Inside the Magic,2026-04-16T13:47:03Z,technology
AMA: Clinician burnout in specialties persists as overall rates drop,Techtarget.com,2026-04-16T13:46:00Z,technology
Let there be light: First iPhone variable-aperture camera enters production,Cult of Mac,2026-04-16T13:45:47Z,technology
"'Towards a full private digital workspace': Tuta debuts quantum-resistant cloud storage ahead of Google Drive, OneDrive",TechRadar,2026-04-16T13:45:33Z,technology
GameStop Stock Holds Steady Near $24.73 as Cash Pile Fuels Acquisition Buzz in 2026,Ibtimes.com.au,2026-04-16T13:44:30Z,technology
Experian Named a 2026 CIO 100 Award Winner,Financial Post,2026-04-16T13:39:55Z,technology
Andersen Consulting Adds Collaborating Firm Nuvolar,Financial Post,2026-04-16T13:39:48Z,technology
Jim Cramer on GigaCloud Technology: “It’s Very Inexpensive”,Yahoo Entertainment,2026-04-16T13:39:48Z,technology
Tesla Stock Dips to $386 as Post-Surge Profit-Taking Hits Ahead of Q1 Earnings,Ibtimes.com.au,2026-04-16T13:39:15Z,technology
"Dow Jones Hits 48,592 Amid Iran Ceasefire Hopes as Markets Eye Diplomatic Breakthrough",Ibtimes.com.au,2026-04-16T13:36:28Z,technology
Jim Cramer on Uber: “This Sell-Off Is Creating Bargains”,Yahoo Entertainment,2026-04-16T13:35:33Z,technology
NUMERATOR LAUNCHES REAL-TIME ATTRIBUTION AND ANNOUNCES UPDATED BENCHMARKS TO FOLLOW LATER IN 2026,Financial Post,2026-04-16T13:33:38Z,technology
A Crucial iPhone 18 Pro Component Enters Production And It Could Become A Major Selling Point For Millions Later This Year,Wccftech,2026-04-16T13:27:02Z,technology
Apple and Nvida chipmaker TSMC reports huge jump in profits amid Iran war,The-independent.com,2026-04-16T13:21:06Z,technology
"Fullscript Journeys Launches, Putting 125,000 Providers Back at the Center of the DTC Health Boom",Financial Post,2026-04-16T13:19:32Z,technology
"Astrana Health, Inc. (NASDAQ:ASTH) Given Average Rating of ""Moderate Buy"" by Analysts",MarketBeat,2026-04-16T13:17:16Z,technology
Amex Acquires Hyper to Boost AI and Expense Management Offerings,pymnts.com,2026-04-16T13:15:39Z,technology
Intel Just Launched Its MacBook Neo Competitor: Wildcat Lake For Everyday PCs,Wccftech,2026-04-16T13:15:18Z,technology
NurExone Biologic Inc. Announces Fourth Quarter and Full-Year 2025 Financial Results and Provides Corporate Update,GlobeNewswire,2026-04-16T13:15:00Z,technology
